,age,income,children,gender,region,married,car,savings_acct,current_acct,mortgage,pep,zScoreIncome,age_bins,has_car,no_car,inner_city,rural,suburban,town,not_married,is_married,no_savings_acct,has_savings_acct,no_current_acct,has_current_acct,no_mortgage,has_mortgage,no_pep,has_pep,is_female,is_male
0,0.61,0.22,0.33,FEMALE,INNER_CITY,NO,NO,NO,NO,NO,YES,-0.77,mid-age,1,0,1,0,0,0,1,0,1,0,1,0,1,0,0,1,1,0
1,0.45,0.43,1.00,MALE,TOWN,YES,YES,NO,YES,YES,NO,0.20,mid-age,0,1,0,0,0,1,0,1,1,0,0,1,0,1,1,0,0,1
2,0.67,0.20,0.00,FEMALE,INNER_CITY,YES,YES,YES,YES,NO,NO,-0.85,old,0,1,1,0,0,0,0,1,0,1,0,1,1,0,1,0,1,0
3,0.10,0.26,1.00,FEMALE,TOWN,YES,NO,NO,YES,NO,NO,-0.55,young,1,0,0,0,0,1,0,1,1,0,0,1,1,0,1,0,1,0
4,0.80,0.78,0.00,FEMALE,RURAL,YES,NO,YES,NO,NO,NO,1.79,old,1,0,0,1,0,0,0,1,0,1,1,0,1,0,1,0,1,0
5,0.80,0.57,0.67,FEMALE,TOWN,YES,NO,YES,YES,NO,YES,0.80,old,1,0,0,0,0,1,0,1,0,1,0,1,1,0,0,1,1,0
6,0.08,0.07,0.00,MALE,RURAL,NO,NO,NO,YES,NO,YES,-1.45,young,1,0,0,1,0,0,1,0,1,0,0,1,1,0,0,1,0,1
7,0.82,0.34,0.00,MALE,TOWN,YES,YES,YES,YES,NO,NO,-0.20,old,0,1,0,0,0,1,0,1,0,1,0,1,1,0,1,0,0,1
8,0.39,0.35,0.67,FEMALE,SUBURBAN,YES,YES,NO,NO,NO,NO,-0.17,mid-age,0,1,0,0,1,0,0,1,1,0,1,0,1,0,1,0,1,0
9,0.73,0.33,0.67,MALE,TOWN,YES,YES,YES,YES,NO,NO,-0.26,old,0,1,0,0,0,1,0,1,0,1,0,1,1,0,1,0,0,1
10,0.98,0.94,0.00,FEMALE,TOWN,YES,NO,YES,YES,NO,NO,2.50,old,1,0,0,0,0,1,0,1,0,1,0,1,1,0,1,0,1,0
11,0.69,0.37,0.00,FEMALE,INNER_CITY,NO,YES,YES,YES,YES,NO,-0.07,old,0,1,1,0,0,0,1,0,0,1,0,1,0,1,1,0,1,0
12,0.53,0.18,0.33,FEMALE,TOWN,YES,NO,YES,YES,YES,YES,-0.91,mid-age,1,0,0,0,0,1,0,1,0,1,0,1,0,1,0,1,1,0
13,0.98,0.86,0.33,FEMALE,TOWN,YES,YES,YES,YES,YES,YES,2.15,old,0,1,0,0,0,1,0,1,0,1,0,1,0,1,0,1,1,0
14,0.37,0.25,0.00,MALE,RURAL,YES,NO,YES,YES,YES,NO,-0.62,mid-age,1,0,0,1,0,0,0,1,0,1,0,1,0,1,1,0,0,1
15,0.41,0.30,0.00,FEMALE,INNER_CITY,YES,YES,YES,YES,YES,NO,-0.40,mid-age,0,1,1,0,0,0,0,1,0,1,0,1,0,1,1,0,1,0
16,0.39,0.22,0.67,FEMALE,TOWN,YES,NO,NO,NO,YES,NO,-0.76,mid-age,1,0,0,0,0,1,0,1,1,0,1,0,0,1,1,0,1,0
17,0.57,0.62,0.00,FEMALE,SUBURBAN,YES,NO,YES,NO,YES,NO,1.05,mid-age,1,0,0,0,1,0,0,1,0,1,1,0,0,1,1,0,1,0
18,0.90,0.38,0.00,FEMALE,INNER_CITY,YES,NO,YES,NO,NO,YES,-0.05,old,1,0,1,0,0,0,0,1,0,1,1,0,1,0,0,1,1,0
19,0.27,0.30,0.00,MALE,TOWN,YES,YES,YES,YES,NO,NO,-0.39,young,0,1,0,0,0,1,0,1,0,1,0,1,1,0,1,0,0,1
20,0.88,0.91,0.67,MALE,INNER_CITY,YES,NO,YES,NO,NO,YES,2.35,old,1,0,1,0,0,0,0,1,0,1,1,0,1,0,0,1,0,1
21,0.65,0.20,0.67,MALE,TOWN,YES,NO,YES,YES,NO,NO,-0.85,old,1,0,0,0,0,1,0,1,0,1,0,1,1,0,1,0,0,1
22,0.73,0.58,0.00,MALE,INNER_CITY,YES,NO,YES,YES,NO,NO,0.85,old,1,0,1,0,0,0,0,1,0,1,0,1,1,0,1,0,0,1
23,0.18,0.18,0.00,FEMALE,TOWN,NO,YES,YES,YES,YES,NO,-0.93,young,0,1,0,0,0,1,1,0,0,1,0,1,0,1,1,0,1,0
24,0.08,0.13,0.67,MALE,INNER_CITY,NO,YES,YES,YES,NO,NO,-1.15,young,0,1,1,0,0,0,1,0,0,1,0,1,1,0,1,0,0,1
25,0.78,0.62,0.00,MALE,INNER_CITY,YES,YES,YES,YES,YES,NO,1.05,old,0,1,1,0,0,0,0,1,0,1,0,1,0,1,1,0,0,1
26,0.55,0.27,0.00,MALE,INNER_CITY,YES,NO,YES,YES,YES,NO,-0.52,mid-age,1,0,1,0,0,0,0,1,0,1,0,1,0,1,1,0,0,1
27,0.43,0.26,0.33,FEMALE,TOWN,YES,NO,NO,YES,NO,YES,-0.57,mid-age,1,0,0,0,0,1,0,1,1,0,0,1,1,0,0,1,1,0
28,0.43,0.42,1.00,FEMALE,INNER_CITY,NO,YES,NO,YES,YES,NO,0.14,mid-age,0,1,1,0,0,0,1,0,1,0,0,1,0,1,1,0,1,0
29,0.88,0.33,0.33,MALE,RURAL,YES,NO,NO,YES,NO,YES,-0.25,old,1,0,0,1,0,0,0,1,1,0,0,1,1,0,0,1,0,1
30,0.88,0.31,0.67,FEMALE,RURAL,YES,NO,YES,YES,NO,NO,-0.36,old,1,0,0,1,0,0,0,1,0,1,0,1,1,0,1,0,1,0
31,0.04,0.19,0.67,FEMALE,TOWN,YES,NO,YES,NO,NO,NO,-0.87,young,1,0,0,0,0,1,0,1,0,1,1,0,1,0,1,0,1,0
32,0.55,0.32,0.33,MALE,SUBURBAN,YES,YES,YES,YES,NO,YES,-0.32,mid-age,0,1,0,0,1,0,0,1,0,1,0,1,1,0,0,1,0,1
33,0.31,0.43,1.00,FEMALE,INNER_CITY,NO,YES,YES,NO,NO,NO,0.19,young,0,1,1,0,0,0,1,0,0,1,1,0,1,0,1,0,1,0
34,0.51,0.56,0.00,MALE,SUBURBAN,NO,NO,YES,YES,NO,YES,0.78,mid-age,1,0,0,0,1,0,1,0,0,1,0,1,1,0,0,1,0,1
35,0.18,0.26,0.67,FEMALE,INNER_CITY,YES,NO,YES,YES,NO,NO,-0.59,young,1,0,1,0,0,0,0,1,0,1,0,1,1,0,1,0,1,0
36,0.02,0.10,1.00,MALE,RURAL,YES,YES,YES,YES,NO,NO,-1.28,young,0,1,0,1,0,0,0,1,0,1,0,1,1,0,1,0,0,1
37,0.37,0.14,0.00,FEMALE,RURAL,NO,YES,NO,YES,NO,YES,-1.10,mid-age,0,1,0,1,0,0,1,0,1,0,0,1,1,0,0,1,1,0
38,0.51,0.23,0.00,FEMALE,TOWN,YES,YES,YES,YES,NO,NO,-0.70,mid-age,0,1,0,0,0,1,0,1,0,1,0,1,1,0,1,0,1,0
39,0.98,0.35,0.67,FEMALE,SUBURBAN,NO,NO,NO,YES,NO,NO,-0.17,old,1,0,0,0,1,0,1,0,1,0,0,1,1,0,1,0,1,0
40,0.76,0.37,0.00,MALE,TOWN,YES,NO,NO,YES,YES,YES,-0.06,old,1,0,0,0,0,1,0,1,1,0,0,1,0,1,0,1,0,1
41,0.59,0.38,0.00,FEMALE,INNER_CITY,YES,YES,NO,YES,NO,NO,-0.04,mid-age,0,1,1,0,0,0,0,1,1,0,0,1,1,0,1,0,1,0
42,1.00,0.87,0.67,MALE,TOWN,NO,YES,YES,NO,NO,YES,2.19,old,0,1,0,0,0,1,1,0,0,1,1,0,1,0,0,1,0,1
43,0.29,0.39,0.00,FEMALE,TOWN,YES,YES,NO,YES,YES,NO,0.00,young,0,1,0,0,0,1,0,1,1,0,0,1,0,1,1,0,1,0
44,0.04,0.15,0.67,MALE,INNER_CITY,NO,YES,YES,YES,YES,NO,-1.07,young,0,1,1,0,0,0,1,0,0,1,0,1,0,1,1,0,0,1
45,0.94,0.82,0.67,MALE,INNER_CITY,YES,NO,YES,YES,YES,YES,1.95,old,1,0,1,0,0,0,0,1,0,1,0,1,0,1,0,1,0,1
46,0.65,0.14,0.33,FEMALE,INNER_CITY,NO,YES,YES,YES,NO,YES,-1.10,old,0,1,1,0,0,0,1,0,0,1,0,1,1,0,0,1,1,0
47,0.22,0.14,0.67,MALE,INNER_CITY,NO,NO,YES,YES,YES,YES,-1.12,young,1,0,1,0,0,0,1,0,0,1,0,1,0,1,0,1,0,1
48,0.69,0.59,0.67,MALE,INNER_CITY,NO,YES,NO,YES,NO,YES,0.93,old,0,1,1,0,0,0,1,0,1,0,0,1,1,0,0,1,0,1
49,0.59,0.22,0.67,FEMALE,RURAL,YES,YES,YES,NO,NO,NO,-0.75,mid-age,0,1,0,1,0,0,0,1,0,1,1,0,1,0,1,0,1,0
50,0.12,0.16,0.67,MALE,TOWN,NO,YES,YES,NO,NO,NO,-1.02,young,0,1,0,0,0,1,1,0,0,1,1,0,1,0,1,0,0,1
51,0.37,0.32,0.00,MALE,TOWN,YES,NO,NO,NO,NO,NO,-0.28,mid-age,1,0,0,0,0,1,0,1,1,0,1,0,1,0,1,0,0,1
52,0.51,0.19,0.33,MALE,TOWN,YES,NO,YES,YES,NO,YES,-0.87,mid-age,1,0,0,0,0,1,0,1,0,1,0,1,1,0,0,1,0,1
53,0.61,0.43,0.33,MALE,SUBURBAN,NO,NO,YES,YES,NO,YES,0.18,mid-age,1,0,0,0,1,0,1,0,0,1,0,1,1,0,0,1,0,1
54,0.92,0.89,0.00,MALE,TOWN,YES,NO,YES,YES,YES,NO,2.27,old,1,0,0,0,0,1,0,1,0,1,0,1,0,1,1,0,0,1
55,0.69,0.74,1.00,FEMALE,RURAL,NO,NO,YES,NO,NO,YES,1.57,old,1,0,0,1,0,0,1,0,0,1,1,0,1,0,0,1,1,0
56,0.82,0.34,0.00,FEMALE,INNER_CITY,NO,NO,NO,YES,NO,YES,-0.20,old,1,0,1,0,0,0,1,0,1,0,0,1,1,0,0,1,1,0
57,0.20,0.31,0.00,MALE,INNER_CITY,YES,NO,YES,YES,NO,YES,-0.34,young,1,0,1,0,0,0,0,1,0,1,0,1,1,0,0,1,0,1
58,0.22,0.17,0.00,FEMALE,INNER_CITY,YES,NO,NO,YES,NO,NO,-0.96,young,1,0,1,0,0,0,0,1,1,0,0,1,1,0,1,0,1,0
59,0.33,0.35,0.33,MALE,INNER_CITY,NO,YES,YES,YES,YES,YES,-0.17,young,0,1,1,0,0,0,1,0,0,1,0,1,0,1,0,1,0,1
60,0.49,0.34,0.33,FEMALE,INNER_CITY,YES,NO,YES,YES,YES,YES,-0.21,mid-age,1,0,1,0,0,0,0,1,0,1,0,1,0,1,0,1,1,0
61,0.96,0.54,0.33,FEMALE,INNER_CITY,NO,YES,NO,YES,NO,YES,0.70,old,0,1,1,0,0,0,1,0,1,0,0,1,1,0,0,1,1,0
62,0.59,0.38,0.67,MALE,INNER_CITY,YES,NO,YES,YES,NO,NO,-0.04,mid-age,1,0,1,0,0,0,0,1,0,1,0,1,1,0,1,0,0,1
63,0.04,0.12,0.00,MALE,INNER_CITY,YES,NO,YES,NO,NO,NO,-1.23,young,1,0,1,0,0,0,0,1,0,1,1,0,1,0,1,0,0,1
64,0.06,0.00,0.00,MALE,TOWN,NO,YES,YES,YES,YES,NO,-1.75,young,0,1,0,0,0,1,1,0,0,1,0,1,0,1,1,0,0,1
65,0.49,0.21,0.00,MALE,INNER_CITY,YES,NO,YES,YES,NO,NO,-0.79,mid-age,1,0,1,0,0,0,0,1,0,1,0,1,1,0,1,0,0,1
66,0.02,0.10,0.67,MALE,TOWN,NO,NO,YES,YES,NO,NO,-1.29,young,1,0,0,0,0,1,1,0,0,1,0,1,1,0,1,0,0,1
67,0.47,0.51,0.00,FEMALE,TOWN,NO,NO,YES,YES,YES,NO,0.57,mid-age,1,0,0,0,0,1,1,0,0,1,0,1,0,1,1,0,1,0
68,0.24,0.25,0.67,MALE,TOWN,NO,NO,YES,YES,NO,NO,-0.63,young,1,0,0,0,0,1,1,0,0,1,0,1,1,0,1,0,0,1
69,0.27,0.09,0.67,FEMALE,RURAL,YES,NO,NO,YES,NO,YES,-1.32,young,1,0,0,1,0,0,0,1,1,0,0,1,1,0,0,1,1,0
70,0.14,0.16,1.00,MALE,INNER_CITY,YES,YES,YES,YES,NO,NO,-1.04,young,0,1,1,0,0,0,0,1,0,1,0,1,1,0,1,0,0,1
71,0.06,0.05,0.00,MALE,INNER_CITY,NO,NO,NO,YES,NO,YES,-1.51,young,1,0,1,0,0,0,1,0,1,0,0,1,1,0,0,1,0,1
72,0.37,0.46,1.00,MALE,INNER_CITY,YES,YES,YES,YES,YES,YES,0.35,mid-age,0,1,1,0,0,0,0,1,0,1,0,1,0,1,0,1,0,1
73,0.82,0.31,0.67,FEMALE,INNER_CITY,YES,NO,YES,NO,YES,NO,-0.34,old,1,0,1,0,0,0,0,1,0,1,1,0,0,1,1,0,1,0
74,0.94,0.82,0.67,FEMALE,INNER_CITY,NO,YES,YES,YES,NO,YES,1.95,old,0,1,1,0,0,0,1,0,0,1,0,1,1,0,0,1,1,0
75,0.84,0.53,0.67,FEMALE,RURAL,NO,YES,NO,NO,NO,YES,0.63,old,0,1,0,1,0,0,1,0,1,0,1,0,1,0,0,1,1,0
76,0.55,0.38,0.00,FEMALE,TOWN,NO,NO,YES,YES,YES,NO,-0.04,mid-age,1,0,0,0,0,1,1,0,0,1,0,1,0,1,1,0,1,0
77,0.88,0.76,0.33,MALE,INNER_CITY,YES,YES,YES,YES,YES,YES,1.70,old,0,1,1,0,0,0,0,1,0,1,0,1,0,1,0,1,0,1
78,0.24,0.17,0.00,FEMALE,INNER_CITY,YES,YES,NO,YES,NO,NO,-0.99,young,0,1,1,0,0,0,0,1,1,0,0,1,1,0,1,0,1,0
79,0.82,0.51,0.67,FEMALE,TOWN,YES,YES,YES,NO,NO,YES,0.54,old,0,1,0,0,0,1,0,1,0,1,1,0,1,0,0,1,1,0
80,0.65,0.29,1.00,FEMALE,TOWN,NO,NO,YES,YES,NO,YES,-0.42,old,1,0,0,0,0,1,1,0,0,1,0,1,1,0,0,1,1,0
81,0.24,0.39,1.00,MALE,INNER_CITY,NO,NO,NO,YES,NO,NO,0.02,young,1,0,1,0,0,0,1,0,1,0,0,1,1,0,1,0,0,1
82,0.22,0.13,0.33,FEMALE,INNER_CITY,YES,NO,YES,YES,NO,NO,-1.16,young,1,0,1,0,0,0,0,1,0,1,0,1,1,0,1,0,1,0
83,0.35,0.20,0.33,MALE,INNER_CITY,YES,NO,YES,YES,NO,YES,-0.86,young,1,0,1,0,0,0,0,1,0,1,0,1,1,0,0,1,0,1
84,0.90,0.33,0.00,MALE,INNER_CITY,YES,NO,NO,YES,YES,YES,-0.27,old,1,0,1,0,0,0,0,1,1,0,0,1,0,1,0,1,0,1
85,0.37,0.46,0.33,MALE,INNER_CITY,YES,YES,YES,YES,NO,YES,0.32,mid-age,0,1,1,0,0,0,0,1,0,1,0,1,1,0,0,1,0,1
86,0.14,0.18,0.00,FEMALE,INNER_CITY,YES,NO,YES,YES,NO,NO,-0.93,young,1,0,1,0,0,0,0,1,0,1,0,1,1,0,1,0,1,0
87,0.98,0.30,0.00,FEMALE,TOWN,NO,YES,YES,YES,YES,NO,-0.38,old,0,1,0,0,0,1,1,0,0,1,0,1,0,1,1,0,1,0
88,0.24,0.19,0.00,MALE,SUBURBAN,YES,YES,YES,NO,YES,NO,-0.91,young,0,1,0,0,1,0,0,1,0,1,1,0,0,1,1,0,0,1
89,0.73,0.45,0.67,FEMALE,INNER_CITY,YES,NO,NO,YES,NO,YES,0.28,old,1,0,1,0,0,0,0,1,1,0,0,1,1,0,0,1,1,0
90,0.39,0.34,0.33,MALE,TOWN,YES,YES,NO,YES,YES,YES,-0.21,mid-age,0,1,0,0,0,1,0,1,1,0,0,1,0,1,0,1,0,1
91,0.20,0.35,0.67,FEMALE,INNER_CITY,NO,NO,YES,YES,YES,NO,-0.16,young,1,0,1,0,0,0,1,0,0,1,0,1,0,1,1,0,1,0
92,0.71,0.51,0.00,FEMALE,RURAL,NO,NO,NO,YES,NO,YES,0.57,old,1,0,0,1,0,0,1,0,1,0,0,1,1,0,0,1,1,0
93,0.88,0.65,0.67,MALE,INNER_CITY,YES,YES,YES,YES,NO,NO,1.17,old,0,1,1,0,0,0,0,1,0,1,0,1,1,0,1,0,0,1
94,0.88,0.62,0.00,FEMALE,INNER_CITY,YES,YES,YES,NO,NO,NO,1.05,old,0,1,1,0,0,0,0,1,0,1,1,0,1,0,1,0,1,0
95,0.00,0.09,0.00,FEMALE,INNER_CITY,YES,NO,YES,YES,NO,NO,-1.36,young,1,0,1,0,0,0,0,1,0,1,0,1,1,0,1,0,1,0
96,0.08,0.05,0.33,MALE,INNER_CITY,YES,NO,NO,NO,YES,NO,-1.52,young,1,0,1,0,0,0,0,1,1,0,1,0,0,1,1,0,0,1
97,0.33,0.44,0.67,MALE,TOWN,YES,YES,YES,YES,YES,YES,0.26,young,0,1,0,0,0,1,0,1,0,1,0,1,0,1,0,1,0,1
98,0.35,0.12,0.67,FEMALE,INNER_CITY,NO,NO,YES,YES,NO,NO,-1.19,young,1,0,1,0,0,0,1,0,0,1,0,1,1,0,1,0,1,0
99,0.00,0.18,0.00,FEMALE,RURAL,YES,YES,NO,YES,NO,NO,-0.94,young,0,1,0,1,0,0,0,1,1,0,0,1,1,0,1,0,1,0
100,0.73,0.37,0.33,MALE,INNER_CITY,YES,NO,YES,YES,YES,YES,-0.06,old,1,0,1,0,0,0,0,1,0,1,0,1,0,1,0,1,0,1
101,0.18,0.11,0.67,FEMALE,INNER_CITY,YES,YES,YES,YES,NO,NO,-1.23,young,0,1,1,0,0,0,0,1,0,1,0,1,1,0,1,0,1,0
102,0.49,0.18,0.00,MALE,INNER_CITY,YES,YES,NO,YES,YES,YES,-0.93,mid-age,0,1,1,0,0,0,0,1,1,0,0,1,0,1,0,1,0,1
103,0.51,0.48,0.00,MALE,TOWN,NO,NO,YES,YES,YES,NO,0.43,mid-age,1,0,0,0,0,1,1,0,0,1,0,1,0,1,1,0,0,1
104,0.94,0.51,0.33,FEMALE,INNER_CITY,YES,NO,YES,YES,NO,YES,0.54,old,1,0,1,0,0,0,0,1,0,1,0,1,1,0,0,1,1,0
105,0.51,0.47,1.00,MALE,TOWN,YES,YES,YES,YES,NO,NO,0.38,mid-age,0,1,0,0,0,1,0,1,0,1,0,1,1,0,1,0,0,1
106,0.63,0.72,0.00,MALE,RURAL,YES,YES,YES,NO,NO,NO,1.48,mid-age,0,1,0,1,0,0,0,1,0,1,1,0,1,0,1,0,0,1
107,0.10,0.14,0.00,MALE,INNER_CITY,YES,NO,NO,YES,NO,NO,-1.12,young,1,0,1,0,0,0,0,1,1,0,0,1,1,0,1,0,0,1
108,0.10,0.13,0.00,MALE,INNER_CITY,NO,NO,YES,YES,NO,YES,-1.15,young,1,0,1,0,0,0,1,0,0,1,0,1,1,0,0,1,0,1
109,0.24,0.33,0.67,FEMALE,INNER_CITY,YES,YES,YES,YES,YES,NO,-0.27,young,0,1,1,0,0,0,0,1,0,1,0,1,0,1,1,0,1,0
110,0.37,0.56,0.67,MALE,TOWN,NO,NO,YES,YES,NO,YES,0.76,mid-age,1,0,0,0,0,1,1,0,0,1,0,1,1,0,0,1,0,1
111,0.33,0.35,1.00,MALE,INNER_CITY,YES,YES,NO,NO,YES,NO,-0.17,young,0,1,1,0,0,0,0,1,1,0,1,0,0,1,1,0,0,1
112,0.67,0.55,0.00,FEMALE,INNER_CITY,YES,YES,NO,YES,NO,NO,0.74,old,0,1,1,0,0,0,0,1,1,0,0,1,1,0,1,0,1,0
113,0.37,0.49,0.67,MALE,TOWN,NO,YES,YES,YES,NO,YES,0.47,mid-age,0,1,0,0,0,1,1,0,0,1,0,1,1,0,0,1,0,1
114,0.78,0.66,0.33,MALE,INNER_CITY,YES,YES,YES,YES,NO,YES,1.22,old,0,1,1,0,0,0,0,1,0,1,0,1,1,0,0,1,0,1
115,0.73,0.74,0.00,FEMALE,INNER_CITY,YES,NO,YES,YES,NO,NO,1.57,old,1,0,1,0,0,0,0,1,0,1,0,1,1,0,1,0,1,0
116,0.78,0.29,0.67,FEMALE,TOWN,YES,NO,YES,NO,NO,NO,-0.45,old,1,0,0,0,0,1,0,1,0,1,1,0,1,0,1,0,1,0
117,0.16,0.09,1.00,MALE,INNER_CITY,YES,NO,YES,YES,YES,NO,-1.36,young,1,0,1,0,0,0,0,1,0,1,0,1,0,1,1,0,0,1
118,0.43,0.21,0.00,MALE,TOWN,NO,YES,NO,NO,NO,YES,-0.79,mid-age,0,1,0,0,0,1,1,0,1,0,1,0,1,0,0,1,0,1
119,0.94,0.70,1.00,FEMALE,RURAL,YES,YES,YES,YES,NO,YES,1.41,old,0,1,0,1,0,0,0,1,0,1,0,1,1,0,0,1,1,0
120,0.57,0.42,0.67,MALE,RURAL,NO,NO,YES,NO,YES,NO,0.16,mid-age,1,0,0,1,0,0,1,0,0,1,1,0,0,1,1,0,0,1
121,0.90,0.86,0.33,FEMALE,RURAL,YES,YES,YES,YES,NO,YES,2.12,old,0,1,0,1,0,0,0,1,0,1,0,1,1,0,0,1,1,0
122,0.37,0.27,0.33,FEMALE,TOWN,YES,NO,YES,NO,YES,YES,-0.52,mid-age,1,0,0,0,0,1,0,1,0,1,1,0,0,1,0,1,1,0
123,0.35,0.48,0.33,FEMALE,RURAL,NO,NO,YES,YES,NO,YES,0.43,young,1,0,0,1,0,0,1,0,0,1,0,1,1,0,0,1,1,0
124,0.59,0.69,1.00,MALE,RURAL,NO,YES,YES,NO,NO,YES,1.36,mid-age,0,1,0,1,0,0,1,0,0,1,1,0,1,0,0,1,0,1
125,0.59,0.58,0.67,MALE,INNER_CITY,YES,NO,NO,YES,NO,YES,0.89,mid-age,1,0,1,0,0,0,0,1,1,0,0,1,1,0,0,1,0,1
126,0.39,0.35,0.00,FEMALE,TOWN,YES,YES,YES,YES,NO,NO,-0.18,mid-age,0,1,0,0,0,1,0,1,0,1,0,1,1,0,1,0,1,0
127,0.61,0.65,0.00,FEMALE,INNER_CITY,YES,NO,YES,YES,NO,NO,1.17,mid-age,1,0,1,0,0,0,0,1,0,1,0,1,1,0,1,0,1,0
128,0.47,0.16,1.00,MALE,TOWN,YES,YES,YES,YES,NO,NO,-1.04,mid-age,0,1,0,0,0,1,0,1,0,1,0,1,1,0,1,0,0,1
129,0.18,0.28,0.00,FEMALE,RURAL,NO,YES,YES,YES,NO,YES,-0.48,young,0,1,0,1,0,0,1,0,0,1,0,1,1,0,0,1,1,0
130,0.51,0.31,0.67,MALE,INNER_CITY,NO,NO,NO,YES,NO,NO,-0.33,mid-age,1,0,1,0,0,0,1,0,1,0,0,1,1,0,1,0,0,1
131,0.88,0.63,1.00,MALE,RURAL,YES,NO,YES,YES,YES,NO,1.09,old,1,0,0,1,0,0,0,1,0,1,0,1,0,1,1,0,0,1
132,0.69,0.20,0.67,FEMALE,SUBURBAN,NO,YES,YES,YES,NO,NO,-0.84,old,0,1,0,0,1,0,1,0,0,1,0,1,1,0,1,0,1,0
133,0.94,0.54,0.00,FEMALE,SUBURBAN,YES,YES,NO,YES,NO,NO,0.69,old,0,1,0,0,1,0,0,1,1,0,0,1,1,0,1,0,1,0
134,0.98,0.94,0.67,FEMALE,TOWN,YES,YES,YES,YES,YES,YES,2.48,old,0,1,0,0,0,1,0,1,0,1,0,1,0,1,0,1,1,0
135,0.71,0.45,0.33,FEMALE,TOWN,YES,YES,YES,YES,NO,YES,0.30,old,0,1,0,0,0,1,0,1,0,1,0,1,1,0,0,1,1,0
136,0.04,0.16,0.67,FEMALE,INNER_CITY,YES,YES,NO,YES,YES,NO,-1.04,young,0,1,1,0,0,0,0,1,1,0,0,1,0,1,1,0,1,0
137,0.80,0.59,0.00,FEMALE,INNER_CITY,NO,NO,YES,YES,NO,YES,0.91,old,1,0,1,0,0,0,1,0,0,1,0,1,1,0,0,1,1,0
138,0.96,0.64,0.00,FEMALE,RURAL,YES,NO,YES,YES,NO,NO,1.14,old,1,0,0,1,0,0,0,1,0,1,0,1,1,0,1,0,1,0
139,0.94,0.86,0.33,FEMALE,INNER_CITY,NO,NO,YES,YES,NO,YES,2.15,old,1,0,1,0,0,0,1,0,0,1,0,1,1,0,0,1,1,0
140,0.69,0.55,1.00,MALE,INNER_CITY,YES,NO,YES,YES,NO,NO,0.74,old,1,0,1,0,0,0,0,1,0,1,0,1,1,0,1,0,0,1
141,0.59,0.31,0.00,FEMALE,INNER_CITY,YES,NO,NO,YES,NO,NO,-0.37,mid-age,1,0,1,0,0,0,0,1,1,0,0,1,1,0,1,0,1,0
142,0.20,0.21,0.33,FEMALE,TOWN,YES,YES,NO,NO,YES,NO,-0.80,young,0,1,0,0,0,1,0,1,1,0,1,0,0,1,1,0,1,0
143,0.94,0.76,0.00,MALE,TOWN,YES,YES,YES,YES,YES,NO,1.66,old,0,1,0,0,0,1,0,1,0,1,0,1,0,1,1,0,0,1
144,0.14,0.24,0.33,MALE,INNER_CITY,YES,NO,YES,YES,NO,YES,-0.67,young,1,0,1,0,0,0,0,1,0,1,0,1,1,0,0,1,0,1
145,0.82,0.79,0.00,MALE,SUBURBAN,YES,NO,YES,NO,YES,YES,1.84,old,1,0,0,0,1,0,0,1,0,1,1,0,0,1,0,1,0,1
146,0.33,0.26,0.67,MALE,TOWN,YES,YES,NO,YES,NO,NO,-0.56,young,0,1,0,0,0,1,0,1,1,0,0,1,1,0,1,0,0,1
147,0.04,0.24,0.67,FEMALE,INNER_CITY,NO,NO,YES,YES,NO,NO,-0.67,young,1,0,1,0,0,0,1,0,0,1,0,1,1,0,1,0,1,0
148,0.92,0.36,0.00,MALE,RURAL,YES,YES,YES,NO,NO,NO,-0.14,old,0,1,0,1,0,0,0,1,0,1,1,0,1,0,1,0,0,1
149,0.24,0.40,1.00,FEMALE,SUBURBAN,YES,YES,YES,YES,NO,NO,0.06,young,0,1,0,0,1,0,0,1,0,1,0,1,1,0,1,0,1,0
150,0.71,0.40,0.33,MALE,RURAL,YES,YES,YES,YES,NO,YES,0.05,old,0,1,0,1,0,0,0,1,0,1,0,1,1,0,0,1,0,1
151,0.51,0.54,0.67,MALE,TOWN,NO,YES,NO,YES,NO,YES,0.69,mid-age,0,1,0,0,0,1,1,0,1,0,0,1,1,0,0,1,0,1
152,0.92,0.85,0.67,MALE,TOWN,YES,NO,YES,NO,YES,YES,2.10,old,1,0,0,0,0,1,0,1,0,1,1,0,0,1,0,1,0,1
153,0.31,0.34,0.33,MALE,INNER_CITY,YES,NO,YES,YES,YES,YES,-0.21,young,1,0,1,0,0,0,0,1,0,1,0,1,0,1,0,1,0,1
154,0.47,0.32,0.67,MALE,RURAL,NO,YES,NO,NO,NO,NO,-0.32,mid-age,0,1,0,1,0,0,1,0,1,0,1,0,1,0,1,0,0,1
155,0.04,0.05,0.67,FEMALE,SUBURBAN,YES,NO,YES,YES,NO,YES,-1.50,young,1,0,0,0,1,0,0,1,0,1,0,1,1,0,0,1,1,0
156,0.65,0.37,0.00,MALE,TOWN,YES,YES,YES,YES,NO,NO,-0.08,old,0,1,0,0,0,1,0,1,0,1,0,1,1,0,1,0,0,1
157,0.12,0.27,0.67,MALE,RURAL,YES,YES,YES,YES,NO,NO,-0.55,young,0,1,0,1,0,0,0,1,0,1,0,1,1,0,1,0,0,1
158,0.86,0.28,0.00,FEMALE,TOWN,YES,NO,NO,YES,NO,YES,-0.47,old,1,0,0,0,0,1,0,1,1,0,0,1,1,0,0,1,1,0
159,0.53,0.18,0.33,FEMALE,TOWN,YES,NO,YES,YES,NO,YES,-0.95,mid-age,1,0,0,0,0,1,0,1,0,1,0,1,1,0,0,1,1,0
160,0.10,0.24,0.67,MALE,INNER_CITY,YES,YES,YES,YES,NO,NO,-0.67,young,0,1,1,0,0,0,0,1,0,1,0,1,1,0,1,0,0,1
161,0.45,0.14,0.00,FEMALE,INNER_CITY,YES,NO,NO,NO,NO,NO,-1.13,mid-age,1,0,1,0,0,0,0,1,1,0,1,0,1,0,1,0,1,0
162,0.63,0.27,1.00,FEMALE,TOWN,NO,NO,NO,YES,NO,NO,-0.53,mid-age,1,0,0,0,0,1,1,0,1,0,0,1,1,0,1,0,1,0
163,0.06,0.04,0.33,FEMALE,TOWN,NO,YES,NO,YES,NO,NO,-1.55,young,0,1,0,0,0,1,1,0,1,0,0,1,1,0,1,0,1,0
164,0.45,0.34,0.00,FEMALE,INNER_CITY,YES,NO,NO,NO,NO,NO,-0.20,mid-age,1,0,1,0,0,0,0,1,1,0,1,0,1,0,1,0,1,0
165,0.16,0.33,0.33,MALE,RURAL,YES,NO,NO,YES,YES,YES,-0.27,young,1,0,0,1,0,0,0,1,1,0,0,1,0,1,0,1,0,1
166,0.04,0.08,0.33,MALE,TOWN,NO,NO,YES,YES,YES,NO,-1.39,young,1,0,0,0,0,1,1,0,0,1,0,1,0,1,1,0,0,1
167,0.12,0.06,0.33,MALE,INNER_CITY,NO,NO,NO,NO,YES,NO,-1.47,young,1,0,1,0,0,0,1,0,1,0,1,0,0,1,1,0,0,1
168,0.39,0.37,0.00,FEMALE,TOWN,NO,YES,YES,YES,NO,NO,-0.06,mid-age,0,1,0,0,0,1,1,0,0,1,0,1,1,0,1,0,1,0
169,0.78,0.50,0.00,MALE,INNER_CITY,YES,NO,NO,YES,NO,NO,0.50,old,1,0,1,0,0,0,0,1,1,0,0,1,1,0,1,0,0,1
170,0.69,0.76,0.00,MALE,INNER_CITY,YES,YES,YES,YES,NO,NO,1.68,old,0,1,1,0,0,0,0,1,0,1,0,1,1,0,1,0,0,1
171,0.08,0.25,0.67,MALE,INNER_CITY,YES,NO,NO,YES,NO,NO,-0.60,young,1,0,1,0,0,0,0,1,1,0,0,1,1,0,1,0,0,1
172,0.35,0.33,1.00,MALE,INNER_CITY,YES,YES,YES,YES,NO,NO,-0.25,young,0,1,1,0,0,0,0,1,0,1,0,1,1,0,1,0,0,1
173,0.33,0.38,0.33,MALE,RURAL,YES,YES,YES,YES,NO,YES,-0.04,young,0,1,0,1,0,0,0,1,0,1,0,1,1,0,0,1,0,1
174,1.00,0.63,0.67,FEMALE,TOWN,YES,NO,YES,YES,NO,YES,1.09,old,1,0,0,0,0,1,0,1,0,1,0,1,1,0,0,1,1,0
175,0.82,0.88,0.00,FEMALE,INNER_CITY,NO,NO,YES,YES,NO,YES,2.23,old,1,0,1,0,0,0,1,0,0,1,0,1,1,0,0,1,1,0
176,0.45,0.56,0.00,MALE,TOWN,YES,YES,YES,YES,NO,NO,0.78,mid-age,0,1,0,0,0,1,0,1,0,1,0,1,1,0,1,0,0,1
177,0.47,0.43,0.00,FEMALE,INNER_CITY,YES,YES,YES,YES,YES,YES,0.20,mid-age,0,1,1,0,0,0,0,1,0,1,0,1,0,1,0,1,1,0
178,0.51,0.18,0.00,MALE,INNER_CITY,YES,NO,NO,NO,NO,YES,-0.95,mid-age,1,0,1,0,0,0,0,1,1,0,1,0,1,0,0,1,0,1
179,0.92,0.53,0.67,MALE,INNER_CITY,YES,NO,NO,YES,NO,YES,0.66,old,1,0,1,0,0,0,0,1,1,0,0,1,1,0,0,1,0,1
180,0.08,0.22,0.33,FEMALE,INNER_CITY,YES,NO,YES,YES,YES,YES,-0.77,young,1,0,1,0,0,0,0,1,0,1,0,1,0,1,0,1,1,0
181,0.86,0.89,0.00,MALE,RURAL,NO,NO,YES,YES,NO,YES,2.26,old,1,0,0,1,0,0,1,0,0,1,0,1,1,0,0,1,0,1
182,0.96,0.56,0.00,FEMALE,INNER_CITY,NO,YES,YES,YES,YES,NO,0.79,old,0,1,1,0,0,0,1,0,0,1,0,1,0,1,1,0,1,0
183,0.61,0.23,0.67,FEMALE,INNER_CITY,YES,YES,YES,YES,YES,NO,-0.70,mid-age,0,1,1,0,0,0,0,1,0,1,0,1,0,1,1,0,1,0
184,0.41,0.42,0.00,FEMALE,INNER_CITY,NO,YES,YES,NO,YES,NO,0.16,mid-age,0,1,1,0,0,0,1,0,0,1,1,0,0,1,1,0,1,0
185,0.63,0.48,0.33,MALE,RURAL,YES,YES,YES,YES,YES,YES,0.40,mid-age,0,1,0,1,0,0,0,1,0,1,0,1,0,1,0,1,0,1
186,0.04,0.23,0.00,FEMALE,INNER_CITY,YES,NO,NO,NO,YES,YES,-0.72,young,1,0,1,0,0,0,0,1,1,0,1,0,0,1,0,1,1,0
187,0.61,0.51,0.33,FEMALE,TOWN,YES,NO,NO,YES,NO,YES,0.53,mid-age,1,0,0,0,0,1,0,1,1,0,0,1,1,0,0,1,1,0
188,0.41,0.51,0.67,MALE,INNER_CITY,YES,YES,NO,YES,YES,NO,0.57,mid-age,0,1,1,0,0,0,0,1,1,0,0,1,0,1,1,0,0,1
189,0.47,0.29,0.00,FEMALE,INNER_CITY,YES,NO,NO,YES,NO,NO,-0.44,mid-age,1,0,1,0,0,0,0,1,1,0,0,1,1,0,1,0,1,0
190,1.00,1.00,0.67,FEMALE,SUBURBAN,YES,YES,YES,YES,NO,YES,2.76,old,0,1,0,0,1,0,0,1,0,1,0,1,1,0,0,1,1,0
191,0.43,0.17,0.33,MALE,INNER_CITY,YES,YES,YES,NO,NO,NO,-0.97,mid-age,0,1,1,0,0,0,0,1,0,1,1,0,1,0,1,0,0,1
192,0.94,0.76,1.00,FEMALE,RURAL,YES,NO,YES,YES,NO,YES,1.67,old,1,0,0,1,0,0,0,1,0,1,0,1,1,0,0,1,1,0
193,0.47,0.19,0.00,MALE,INNER_CITY,YES,YES,NO,YES,YES,YES,-0.87,mid-age,0,1,1,0,0,0,0,1,1,0,0,1,0,1,0,1,0,1
194,0.76,0.54,0.67,MALE,SUBURBAN,YES,YES,NO,YES,NO,YES,0.67,old,0,1,0,0,1,0,0,1,1,0,0,1,1,0,0,1,0,1
195,0.69,0.22,0.33,MALE,INNER_CITY,YES,NO,YES,NO,YES,YES,-0.75,old,1,0,1,0,0,0,0,1,0,1,1,0,0,1,0,1,0,1
196,0.24,0.24,0.00,FEMALE,INNER_CITY,NO,NO,NO,YES,YES,YES,-0.68,young,1,0,1,0,0,0,1,0,1,0,0,1,0,1,0,1,1,0
197,0.69,0.75,0.67,MALE,INNER_CITY,YES,YES,YES,YES,NO,YES,1.64,old,0,1,1,0,0,0,0,1,0,1,0,1,1,0,0,1,0,1
198,0.16,0.16,0.67,MALE,INNER_CITY,NO,NO,NO,YES,YES,NO,-1.00,young,1,0,1,0,0,0,1,0,1,0,0,1,0,1,1,0,0,1
199,0.16,0.27,0.00,FEMALE,INNER_CITY,YES,NO,YES,YES,NO,YES,-0.52,young,1,0,1,0,0,0,0,1,0,1,0,1,1,0,0,1,1,0
200,0.57,0.36,0.33,MALE,TOWN,YES,YES,YES,YES,NO,YES,-0.11,mid-age,0,1,0,0,0,1,0,1,0,1,0,1,1,0,0,1,0,1
201,0.57,0.63,0.00,FEMALE,TOWN,YES,NO,YES,YES,YES,NO,1.09,mid-age,1,0,0,0,0,1,0,1,0,1,0,1,0,1,1,0,1,0
202,0.69,0.21,0.00,MALE,INNER_CITY,YES,NO,NO,YES,NO,NO,-0.82,old,1,0,1,0,0,0,0,1,1,0,0,1,1,0,1,0,0,1
203,0.39,0.24,1.00,MALE,INNER_CITY,NO,YES,NO,YES,NO,NO,-0.66,mid-age,0,1,1,0,0,0,1,0,1,0,0,1,1,0,1,0,0,1
204,0.08,0.13,0.33,MALE,INNER_CITY,YES,NO,YES,YES,YES,YES,-1.14,young,1,0,1,0,0,0,0,1,0,1,0,1,0,1,0,1,0,1
205,0.00,0.16,0.00,MALE,INNER_CITY,NO,YES,NO,YES,YES,YES,-1.02,young,0,1,1,0,0,0,1,0,1,0,0,1,0,1,0,1,0,1
206,0.92,0.94,0.00,MALE,INNER_CITY,NO,YES,YES,YES,NO,YES,2.47,old,0,1,1,0,0,0,1,0,0,1,0,1,1,0,0,1,0,1
207,0.14,0.17,0.00,FEMALE,INNER_CITY,YES,NO,YES,YES,YES,NO,-0.97,young,1,0,1,0,0,0,0,1,0,1,0,1,0,1,1,0,1,0
208,1.00,0.60,0.00,MALE,INNER_CITY,YES,YES,YES,YES,NO,NO,0.94,old,0,1,1,0,0,0,0,1,0,1,0,1,1,0,1,0,0,1
209,0.18,0.27,0.00,MALE,INNER_CITY,NO,NO,YES,NO,NO,YES,-0.52,young,1,0,1,0,0,0,1,0,0,1,1,0,1,0,0,1,0,1
210,0.88,0.33,0.00,MALE,INNER_CITY,NO,YES,NO,NO,NO,YES,-0.24,old,0,1,1,0,0,0,1,0,1,0,1,0,1,0,0,1,0,1
211,0.82,0.48,0.33,MALE,TOWN,YES,YES,YES,YES,NO,YES,0.43,old,0,1,0,0,0,1,0,1,0,1,0,1,1,0,0,1,0,1
212,0.08,0.16,0.00,MALE,INNER_CITY,YES,YES,YES,YES,NO,YES,-1.01,young,0,1,1,0,0,0,0,1,0,1,0,1,1,0,0,1,0,1
213,0.20,0.14,0.33,MALE,TOWN,NO,NO,NO,YES,NO,YES,-1.11,young,1,0,0,0,0,1,1,0,1,0,0,1,1,0,0,1,0,1
214,0.10,0.08,0.00,MALE,INNER_CITY,YES,NO,YES,YES,NO,NO,-1.37,young,1,0,1,0,0,0,0,1,0,1,0,1,1,0,1,0,0,1
215,0.18,0.22,0.00,MALE,SUBURBAN,YES,NO,YES,YES,NO,NO,-0.77,young,1,0,0,0,1,0,0,1,0,1,0,1,1,0,1,0,0,1
216,0.18,0.17,0.00,FEMALE,SUBURBAN,YES,YES,NO,YES,NO,NO,-0.96,young,0,1,0,0,1,0,0,1,1,0,0,1,1,0,1,0,1,0
217,0.45,0.46,1.00,FEMALE,INNER_CITY,YES,YES,YES,YES,YES,NO,0.33,mid-age,0,1,1,0,0,0,0,1,0,1,0,1,0,1,1,0,1,0
218,0.43,0.46,0.00,MALE,TOWN,NO,YES,YES,NO,NO,YES,0.32,mid-age,0,1,0,0,0,1,1,0,0,1,1,0,1,0,0,1,0,1
219,0.35,0.41,0.00,FEMALE,INNER_CITY,YES,YES,YES,YES,NO,NO,0.08,young,0,1,1,0,0,0,0,1,0,1,0,1,1,0,1,0,1,0
220,0.39,0.37,0.67,FEMALE,INNER_CITY,NO,YES,NO,NO,NO,NO,-0.10,mid-age,0,1,1,0,0,0,1,0,1,0,1,0,1,0,1,0,1,0
221,0.59,0.64,0.67,MALE,INNER_CITY,YES,NO,YES,YES,NO,YES,1.13,mid-age,1,0,1,0,0,0,0,1,0,1,0,1,1,0,0,1,0,1
222,0.49,0.59,0.33,FEMALE,INNER_CITY,YES,NO,YES,YES,NO,YES,0.91,mid-age,1,0,1,0,0,0,0,1,0,1,0,1,1,0,0,1,1,0
223,1.00,0.66,0.00,FEMALE,INNER_CITY,YES,NO,YES,YES,YES,NO,1.24,old,1,0,1,0,0,0,0,1,0,1,0,1,0,1,1,0,1,0
224,0.80,0.77,1.00,MALE,RURAL,YES,NO,YES,YES,NO,YES,1.73,old,1,0,0,1,0,0,0,1,0,1,0,1,1,0,0,1,0,1
225,0.59,0.39,0.00,FEMALE,RURAL,NO,YES,YES,YES,NO,YES,-0.01,mid-age,0,1,0,1,0,0,1,0,0,1,0,1,1,0,0,1,1,0
226,1.00,0.78,0.67,MALE,INNER_CITY,YES,YES,YES,YES,NO,YES,1.78,old,0,1,1,0,0,0,0,1,0,1,0,1,1,0,0,1,0,1
227,0.78,0.34,0.00,MALE,TOWN,NO,NO,YES,YES,NO,YES,-0.20,old,1,0,0,0,0,1,1,0,0,1,0,1,1,0,0,1,0,1
228,0.39,0.40,0.00,MALE,RURAL,NO,YES,NO,YES,YES,YES,0.04,mid-age,0,1,0,1,0,0,1,0,1,0,0,1,0,1,0,1,0,1
229,0.18,0.13,0.00,MALE,INNER_CITY,NO,YES,NO,NO,NO,YES,-1.18,young,0,1,1,0,0,0,1,0,1,0,1,0,1,0,0,1,0,1
230,0.84,0.43,0.00,FEMALE,INNER_CITY,YES,YES,NO,YES,YES,YES,0.21,old,0,1,1,0,0,0,0,1,1,0,0,1,0,1,0,1,1,0
231,0.27,0.41,0.33,MALE,INNER_CITY,NO,NO,NO,YES,YES,NO,0.11,young,1,0,1,0,0,0,1,0,1,0,0,1,0,1,1,0,0,1
232,0.27,0.16,0.00,MALE,SUBURBAN,YES,NO,NO,YES,YES,YES,-1.04,young,1,0,0,0,1,0,0,1,1,0,0,1,0,1,0,1,0,1
233,0.29,0.44,0.00,FEMALE,TOWN,YES,YES,YES,YES,NO,NO,0.22,young,0,1,0,0,0,1,0,1,0,1,0,1,1,0,1,0,1,0
234,0.80,0.63,1.00,FEMALE,RURAL,NO,NO,YES,NO,NO,NO,1.08,old,1,0,0,1,0,0,1,0,0,1,1,0,1,0,1,0,1,0
235,0.63,0.20,0.33,FEMALE,INNER_CITY,NO,NO,YES,YES,YES,YES,-0.84,mid-age,1,0,1,0,0,0,1,0,0,1,0,1,0,1,0,1,1,0
236,0.96,0.81,0.67,MALE,TOWN,NO,YES,YES,YES,NO,YES,1.92,old,0,1,0,0,0,1,1,0,0,1,0,1,1,0,0,1,0,1
237,0.08,0.22,0.67,FEMALE,INNER_CITY,YES,NO,YES,YES,YES,NO,-0.75,young,1,0,1,0,0,0,0,1,0,1,0,1,0,1,1,0,1,0
238,0.16,0.22,0.67,FEMALE,RURAL,YES,NO,YES,NO,NO,NO,-0.73,young,1,0,0,1,0,0,0,1,0,1,1,0,1,0,1,0,1,0
239,0.10,0.13,0.00,MALE,INNER_CITY,YES,YES,YES,YES,NO,NO,-1.14,young,0,1,1,0,0,0,0,1,0,1,0,1,1,0,1,0,0,1
240,0.16,0.11,0.67,FEMALE,RURAL,YES,YES,NO,NO,NO,NO,-1.26,young,0,1,0,1,0,0,0,1,1,0,1,0,1,0,1,0,1,0
241,0.84,0.88,0.00,FEMALE,INNER_CITY,NO,YES,YES,YES,NO,YES,2.21,old,0,1,1,0,0,0,1,0,0,1,0,1,1,0,0,1,1,0
242,1.00,0.52,0.33,MALE,INNER_CITY,YES,YES,YES,YES,NO,YES,0.60,old,0,1,1,0,0,0,0,1,0,1,0,1,1,0,0,1,0,1
243,0.33,0.26,0.00,FEMALE,INNER_CITY,YES,YES,YES,YES,NO,NO,-0.59,young,0,1,1,0,0,0,0,1,0,1,0,1,1,0,1,0,1,0
244,0.65,0.39,0.67,MALE,RURAL,YES,YES,YES,NO,NO,NO,0.02,old,0,1,0,1,0,0,0,1,0,1,1,0,1,0,1,0,0,1
245,0.57,0.56,0.00,MALE,SUBURBAN,NO,YES,YES,YES,YES,NO,0.79,mid-age,0,1,0,0,1,0,1,0,0,1,0,1,0,1,1,0,0,1
246,0.10,0.04,1.00,FEMALE,INNER_CITY,NO,YES,NO,NO,NO,NO,-1.54,young,0,1,1,0,0,0,1,0,1,0,1,0,1,0,1,0,1,0
247,0.16,0.28,0.00,MALE,RURAL,YES,NO,NO,YES,NO,NO,-0.48,young,1,0,0,1,0,0,0,1,1,0,0,1,1,0,1,0,0,1
248,0.45,0.26,1.00,MALE,TOWN,YES,NO,YES,YES,NO,NO,-0.56,mid-age,1,0,0,0,0,1,0,1,0,1,0,1,1,0,1,0,0,1
249,0.37,0.28,1.00,MALE,TOWN,YES,YES,NO,YES,NO,NO,-0.48,mid-age,0,1,0,0,0,1,0,1,1,0,0,1,1,0,1,0,0,1
250,0.96,0.91,0.00,MALE,INNER_CITY,NO,NO,YES,YES,YES,NO,2.34,old,1,0,1,0,0,0,1,0,0,1,0,1,0,1,1,0,0,1
251,0.55,0.53,0.33,FEMALE,TOWN,YES,YES,YES,YES,YES,YES,0.66,mid-age,0,1,0,0,0,1,0,1,0,1,0,1,0,1,0,1,1,0
252,0.10,0.16,0.67,MALE,INNER_CITY,YES,NO,NO,YES,YES,NO,-1.03,young,1,0,1,0,0,0,0,1,1,0,0,1,0,1,1,0,0,1
253,0.49,0.22,0.33,FEMALE,TOWN,YES,NO,NO,NO,NO,YES,-0.75,mid-age,1,0,0,0,0,1,0,1,1,0,1,0,1,0,0,1,1,0
254,0.06,0.10,1.00,FEMALE,RURAL,NO,NO,YES,YES,YES,NO,-1.31,young,1,0,0,1,0,0,1,0,0,1,0,1,0,1,1,0,1,0
255,0.90,0.33,0.00,FEMALE,INNER_CITY,NO,YES,NO,YES,NO,YES,-0.25,old,0,1,1,0,0,0,1,0,1,0,0,1,1,0,0,1,1,0
256,0.63,0.36,0.67,FEMALE,SUBURBAN,NO,NO,YES,YES,NO,NO,-0.11,mid-age,1,0,0,0,1,0,1,0,0,1,0,1,1,0,1,0,1,0
257,0.20,0.32,0.67,FEMALE,TOWN,YES,NO,NO,YES,YES,NO,-0.32,young,1,0,0,0,0,1,0,1,1,0,0,1,0,1,1,0,1,0
258,0.41,0.28,1.00,FEMALE,TOWN,NO,NO,NO,YES,YES,NO,-0.47,mid-age,1,0,0,0,0,1,1,0,1,0,0,1,0,1,1,0,1,0
259,0.37,0.12,0.00,MALE,TOWN,NO,NO,NO,NO,NO,NO,-1.19,mid-age,1,0,0,0,0,1,1,0,1,0,1,0,1,0,1,0,0,1
260,0.08,0.21,0.00,MALE,SUBURBAN,YES,NO,YES,YES,NO,NO,-0.80,young,1,0,0,0,1,0,0,1,0,1,0,1,1,0,1,0,0,1
261,0.45,0.41,0.33,FEMALE,TOWN,YES,NO,YES,YES,YES,YES,0.11,mid-age,1,0,0,0,0,1,0,1,0,1,0,1,0,1,0,1,1,0
262,0.45,0.29,0.00,FEMALE,TOWN,YES,NO,NO,YES,NO,NO,-0.46,mid-age,1,0,0,0,0,1,0,1,1,0,0,1,1,0,1,0,1,0
263,0.86,0.71,0.00,FEMALE,INNER_CITY,YES,YES,YES,YES,YES,NO,1.46,old,0,1,1,0,0,0,0,1,0,1,0,1,0,1,1,0,1,0
264,0.10,0.24,0.00,MALE,INNER_CITY,NO,YES,YES,NO,NO,YES,-0.65,young,0,1,1,0,0,0,1,0,0,1,1,0,1,0,0,1,0,1
265,0.06,0.22,0.33,MALE,INNER_CITY,YES,YES,NO,NO,NO,YES,-0.74,young,0,1,1,0,0,0,0,1,1,0,1,0,1,0,0,1,0,1
266,0.82,0.49,0.00,MALE,TOWN,NO,YES,YES,YES,NO,YES,0.44,old,0,1,0,0,0,1,1,0,0,1,0,1,1,0,0,1,0,1
267,0.61,0.44,0.00,FEMALE,SUBURBAN,NO,NO,YES,YES,NO,YES,0.22,mid-age,1,0,0,0,1,0,1,0,0,1,0,1,1,0,0,1,1,0
268,0.92,0.51,0.00,FEMALE,TOWN,YES,YES,NO,YES,NO,NO,0.55,old,0,1,0,0,0,1,0,1,1,0,0,1,1,0,1,0,1,0
269,0.04,0.20,1.00,MALE,TOWN,NO,YES,NO,YES,YES,NO,-0.84,young,0,1,0,0,0,1,1,0,1,0,0,1,0,1,1,0,0,1
270,1.00,0.96,0.67,FEMALE,SUBURBAN,NO,NO,YES,YES,YES,YES,2.58,old,1,0,0,0,1,0,1,0,0,1,0,1,0,1,0,1,1,0
271,0.90,0.88,0.00,FEMALE,INNER_CITY,NO,YES,YES,YES,NO,YES,2.24,old,0,1,1,0,0,0,1,0,0,1,0,1,1,0,0,1,1,0
272,0.37,0.14,0.00,MALE,TOWN,YES,NO,YES,YES,NO,NO,-1.11,mid-age,1,0,0,0,0,1,0,1,0,1,0,1,1,0,1,0,0,1
273,0.27,0.40,0.33,MALE,INNER_CITY,YES,YES,NO,YES,NO,YES,0.07,young,0,1,1,0,0,0,0,1,1,0,0,1,1,0,0,1,0,1
274,0.49,0.38,0.00,FEMALE,INNER_CITY,YES,YES,YES,YES,NO,NO,-0.04,mid-age,0,1,1,0,0,0,0,1,0,1,0,1,1,0,1,0,1,0
275,0.00,0.07,0.00,MALE,RURAL,YES,YES,NO,YES,YES,YES,-1.41,young,0,1,0,1,0,0,0,1,1,0,0,1,0,1,0,1,0,1
276,0.57,0.41,0.33,FEMALE,SUBURBAN,NO,NO,YES,YES,YES,YES,0.09,mid-age,1,0,0,0,1,0,1,0,0,1,0,1,0,1,0,1,1,0
277,0.14,0.30,0.33,MALE,TOWN,YES,YES,YES,YES,NO,YES,-0.40,young,0,1,0,0,0,1,0,1,0,1,0,1,1,0,0,1,0,1
278,0.96,0.33,0.00,FEMALE,RURAL,NO,NO,YES,NO,YES,NO,-0.24,old,1,0,0,1,0,0,1,0,0,1,1,0,0,1,1,0,1,0
279,0.45,0.55,0.33,MALE,TOWN,YES,NO,NO,YES,YES,YES,0.73,mid-age,1,0,0,0,0,1,0,1,1,0,0,1,0,1,0,1,0,1
280,0.29,0.30,0.33,MALE,INNER_CITY,YES,NO,NO,NO,NO,YES,-0.40,young,1,0,1,0,0,0,0,1,1,0,1,0,1,0,0,1,0,1
281,0.00,0.18,0.00,FEMALE,INNER_CITY,YES,NO,YES,YES,NO,NO,-0.92,young,1,0,1,0,0,0,0,1,0,1,0,1,1,0,1,0,1,0
282,0.94,0.85,0.33,MALE,INNER_CITY,YES,YES,YES,NO,NO,YES,2.08,old,0,1,1,0,0,0,0,1,0,1,1,0,1,0,0,1,0,1
283,0.51,0.59,1.00,FEMALE,INNER_CITY,YES,NO,YES,YES,YES,NO,0.90,mid-age,1,0,1,0,0,0,0,1,0,1,0,1,0,1,1,0,1,0
284,0.08,0.15,1.00,FEMALE,INNER_CITY,YES,NO,YES,YES,NO,NO,-1.07,young,1,0,1,0,0,0,0,1,0,1,0,1,1,0,1,0,1,0
285,0.14,0.08,0.00,MALE,TOWN,YES,NO,NO,NO,NO,NO,-1.40,young,1,0,0,0,0,1,0,1,1,0,1,0,1,0,1,0,0,1
286,0.43,0.34,0.33,MALE,INNER_CITY,YES,YES,YES,YES,YES,YES,-0.22,mid-age,0,1,1,0,0,0,0,1,0,1,0,1,0,1,0,1,0,1
287,0.82,0.40,1.00,FEMALE,INNER_CITY,YES,NO,NO,YES,NO,NO,0.06,old,1,0,1,0,0,0,0,1,1,0,0,1,1,0,1,0,1,0
288,0.31,0.16,0.33,MALE,INNER_CITY,YES,NO,YES,NO,NO,NO,-1.04,young,1,0,1,0,0,0,0,1,0,1,1,0,1,0,1,0,0,1
289,0.69,0.55,0.33,FEMALE,RURAL,YES,YES,YES,YES,NO,YES,0.75,old,0,1,0,1,0,0,0,1,0,1,0,1,1,0,0,1,1,0
290,0.10,0.15,0.00,MALE,INNER_CITY,NO,NO,YES,YES,NO,YES,-1.09,young,1,0,1,0,0,0,1,0,0,1,0,1,1,0,0,1,0,1
291,0.53,0.59,0.00,FEMALE,INNER_CITY,NO,YES,YES,NO,NO,YES,0.91,mid-age,0,1,1,0,0,0,1,0,0,1,1,0,1,0,0,1,1,0
292,0.67,0.71,0.67,MALE,RURAL,YES,YES,YES,YES,YES,YES,1.46,old,0,1,0,1,0,0,0,1,0,1,0,1,0,1,0,1,0,1
293,0.16,0.27,0.00,FEMALE,TOWN,YES,NO,YES,YES,NO,NO,-0.51,young,1,0,0,0,0,1,0,1,0,1,0,1,1,0,1,0,1,0
294,0.49,0.30,0.00,MALE,TOWN,YES,NO,YES,NO,YES,NO,-0.39,mid-age,1,0,0,0,0,1,0,1,0,1,1,0,0,1,1,0,0,1
295,0.33,0.47,0.00,MALE,TOWN,YES,YES,YES,YES,YES,NO,0.39,young,0,1,0,0,0,1,0,1,0,1,0,1,0,1,1,0,0,1
296,0.73,0.34,0.67,FEMALE,RURAL,NO,YES,YES,YES,YES,NO,-0.23,old,0,1,0,1,0,0,1,0,0,1,0,1,0,1,1,0,1,0
297,0.00,0.06,0.67,MALE,RURAL,YES,NO,NO,NO,NO,NO,-1.46,young,1,0,0,1,0,0,0,1,1,0,1,0,1,0,1,0,0,1
298,0.59,0.21,0.67,FEMALE,INNER_CITY,NO,YES,NO,YES,NO,NO,-0.81,mid-age,0,1,1,0,0,0,1,0,1,0,0,1,1,0,1,0,1,0
299,0.12,0.15,0.00,FEMALE,INNER_CITY,YES,NO,YES,YES,NO,NO,-1.07,young,1,0,1,0,0,0,0,1,0,1,0,1,1,0,1,0,1,0
300,0.02,0.05,0.33,FEMALE,INNER_CITY,YES,YES,YES,YES,YES,NO,-1.50,young,0,1,1,0,0,0,0,1,0,1,0,1,0,1,1,0,1,0
301,0.39,0.18,0.00,FEMALE,TOWN,YES,NO,YES,NO,NO,NO,-0.94,mid-age,1,0,0,0,0,1,0,1,0,1,1,0,1,0,1,0,1,0
302,0.55,0.42,0.00,FEMALE,TOWN,YES,NO,YES,NO,NO,NO,0.13,mid-age,1,0,0,0,0,1,0,1,0,1,1,0,1,0,1,0,1,0
303,0.63,0.63,1.00,MALE,RURAL,YES,NO,YES,YES,YES,NO,1.08,mid-age,1,0,0,1,0,0,0,1,0,1,0,1,0,1,1,0,0,1
304,1.00,0.90,1.00,FEMALE,RURAL,NO,NO,YES,YES,NO,YES,2.32,old,1,0,0,1,0,0,1,0,0,1,0,1,1,0,0,1,1,0
305,0.35,0.11,0.00,FEMALE,RURAL,YES,NO,NO,YES,NO,NO,-1.24,young,1,0,0,1,0,0,0,1,1,0,0,1,1,0,1,0,1,0
306,0.92,0.81,0.67,MALE,INNER_CITY,NO,YES,YES,YES,NO,YES,1.91,old,0,1,1,0,0,0,1,0,0,1,0,1,1,0,0,1,0,1
307,0.41,0.37,0.00,MALE,RURAL,NO,YES,YES,YES,NO,YES,-0.10,mid-age,0,1,0,1,0,0,1,0,0,1,0,1,1,0,0,1,0,1
308,0.61,0.36,0.67,MALE,TOWN,NO,YES,YES,YES,NO,NO,-0.14,mid-age,0,1,0,0,0,1,1,0,0,1,0,1,1,0,1,0,0,1
309,0.20,0.12,0.33,FEMALE,INNER_CITY,NO,NO,YES,YES,NO,NO,-1.21,young,1,0,1,0,0,0,1,0,0,1,0,1,1,0,1,0,1,0
310,0.57,0.44,0.00,MALE,TOWN,YES,NO,YES,YES,NO,NO,0.24,mid-age,1,0,0,0,0,1,0,1,0,1,0,1,1,0,1,0,0,1
311,0.98,0.54,0.33,MALE,INNER_CITY,NO,NO,YES,YES,NO,YES,0.71,old,1,0,1,0,0,0,1,0,0,1,0,1,1,0,0,1,0,1
312,0.88,0.44,0.67,FEMALE,TOWN,NO,YES,NO,YES,NO,YES,0.25,old,0,1,0,0,0,1,1,0,1,0,0,1,1,0,0,1,1,0
313,0.00,0.19,0.67,FEMALE,RURAL,NO,YES,YES,YES,NO,NO,-0.88,young,0,1,0,1,0,0,1,0,0,1,0,1,1,0,1,0,1,0
314,0.73,0.22,0.00,FEMALE,TOWN,YES,YES,YES,NO,NO,NO,-0.74,old,0,1,0,0,0,1,0,1,0,1,1,0,1,0,1,0,1,0
315,0.55,0.65,0.00,MALE,RURAL,NO,YES,YES,YES,YES,NO,1.17,mid-age,0,1,0,1,0,0,1,0,0,1,0,1,0,1,1,0,0,1
316,0.86,0.29,0.67,MALE,INNER_CITY,NO,YES,YES,YES,NO,NO,-0.42,old,0,1,1,0,0,0,1,0,0,1,0,1,1,0,1,0,0,1
317,0.55,0.56,0.33,FEMALE,TOWN,NO,NO,YES,YES,YES,YES,0.79,mid-age,1,0,0,0,0,1,1,0,0,1,0,1,0,1,0,1,1,0
318,0.27,0.31,0.67,FEMALE,INNER_CITY,NO,NO,YES,NO,NO,NO,-0.34,young,1,0,1,0,0,0,1,0,0,1,1,0,1,0,1,0,1,0
319,0.43,0.29,0.00,MALE,SUBURBAN,NO,YES,YES,YES,YES,NO,-0.43,mid-age,0,1,0,0,1,0,1,0,0,1,0,1,0,1,1,0,0,1
320,0.71,0.57,0.67,MALE,INNER_CITY,NO,YES,YES,YES,NO,YES,0.82,old,0,1,1,0,0,0,1,0,0,1,0,1,1,0,0,1,0,1
321,0.35,0.31,0.00,MALE,RURAL,YES,YES,NO,NO,YES,YES,-0.36,young,0,1,0,1,0,0,0,1,1,0,1,0,0,1,0,1,0,1
322,0.14,0.10,0.33,FEMALE,TOWN,YES,YES,YES,NO,YES,NO,-1.28,young,0,1,0,0,0,1,0,1,0,1,1,0,0,1,1,0,1,0
323,0.29,0.33,0.00,MALE,TOWN,NO,NO,YES,YES,NO,YES,-0.27,young,1,0,0,0,0,1,1,0,0,1,0,1,1,0,0,1,0,1
324,0.37,0.40,0.00,MALE,SUBURBAN,YES,NO,YES,YES,NO,NO,0.08,mid-age,1,0,0,0,1,0,0,1,0,1,0,1,1,0,1,0,0,1
325,0.12,0.08,0.00,FEMALE,TOWN,NO,NO,NO,YES,NO,YES,-1.40,young,1,0,0,0,0,1,1,0,1,0,0,1,1,0,0,1,1,0
326,0.43,0.51,0.33,MALE,INNER_CITY,YES,NO,YES,NO,YES,YES,0.57,mid-age,1,0,1,0,0,0,0,1,0,1,1,0,0,1,0,1,0,1
327,0.12,0.28,0.00,MALE,INNER_CITY,YES,NO,NO,YES,YES,YES,-0.48,young,1,0,1,0,0,0,0,1,1,0,0,1,0,1,0,1,0,1
328,0.80,0.79,0.33,FEMALE,RURAL,NO,NO,YES,NO,YES,YES,1.81,old,1,0,0,1,0,0,1,0,0,1,1,0,0,1,0,1,1,0
329,0.18,0.23,1.00,FEMALE,TOWN,YES,NO,NO,YES,NO,NO,-0.70,young,1,0,0,0,0,1,0,1,1,0,0,1,1,0,1,0,1,0
330,0.98,0.82,1.00,FEMALE,RURAL,YES,YES,YES,YES,NO,YES,1.96,old,0,1,0,1,0,0,0,1,0,1,0,1,1,0,0,1,1,0
331,0.00,0.11,0.67,FEMALE,INNER_CITY,YES,NO,YES,YES,YES,NO,-1.23,young,1,0,1,0,0,0,0,1,0,1,0,1,0,1,1,0,1,0
332,0.31,0.42,0.00,FEMALE,TOWN,YES,NO,YES,NO,NO,NO,0.16,young,1,0,0,0,0,1,0,1,0,1,1,0,1,0,1,0,1,0
333,0.61,0.22,0.67,MALE,SUBURBAN,YES,NO,YES,YES,NO,NO,-0.75,mid-age,1,0,0,0,1,0,0,1,0,1,0,1,1,0,1,0,0,1
334,0.10,0.28,0.33,FEMALE,SUBURBAN,YES,NO,NO,YES,NO,YES,-0.50,young,1,0,0,0,1,0,0,1,1,0,0,1,1,0,0,1,1,0
335,0.53,0.37,0.33,MALE,TOWN,YES,NO,YES,NO,YES,YES,-0.06,mid-age,1,0,0,0,0,1,0,1,0,1,1,0,0,1,0,1,0,1
336,0.43,0.38,0.67,MALE,INNER_CITY,YES,NO,NO,NO,YES,NO,-0.05,mid-age,1,0,1,0,0,0,0,1,1,0,1,0,0,1,1,0,0,1
337,0.96,0.57,0.33,MALE,INNER_CITY,YES,YES,YES,NO,YES,NO,0.82,old,0,1,1,0,0,0,0,1,0,1,1,0,0,1,1,0,0,1
338,0.86,0.56,0.67,MALE,SUBURBAN,YES,YES,YES,YES,YES,YES,0.78,old,0,1,0,0,1,0,0,1,0,1,0,1,0,1,0,1,0,1
339,0.04,0.23,0.00,MALE,INNER_CITY,YES,NO,NO,YES,YES,YES,-0.72,young,1,0,1,0,0,0,0,1,1,0,0,1,0,1,0,1,0,1
340,0.55,0.41,0.00,FEMALE,SUBURBAN,YES,NO,YES,YES,NO,NO,0.10,mid-age,1,0,0,0,1,0,0,1,0,1,0,1,1,0,1,0,1,0
341,0.98,0.75,0.33,MALE,RURAL,YES,YES,YES,NO,NO,YES,1.61,old,0,1,0,1,0,0,0,1,0,1,1,0,1,0,0,1,0,1
342,0.94,0.83,0.00,MALE,INNER_CITY,YES,YES,YES,YES,NO,NO,1.98,old,0,1,1,0,0,0,0,1,0,1,0,1,1,0,1,0,0,1
343,0.67,0.25,0.00,FEMALE,INNER_CITY,YES,NO,YES,YES,NO,NO,-0.63,old,1,0,1,0,0,0,0,1,0,1,0,1,1,0,1,0,1,0
344,0.33,0.32,0.67,MALE,RURAL,YES,YES,YES,YES,NO,NO,-0.30,young,0,1,0,1,0,0,0,1,0,1,0,1,1,0,1,0,0,1
345,0.96,0.64,0.33,FEMALE,TOWN,YES,NO,YES,YES,NO,YES,1.15,old,1,0,0,0,0,1,0,1,0,1,0,1,1,0,0,1,1,0
346,0.65,0.60,0.00,MALE,RURAL,YES,YES,YES,NO,YES,NO,0.95,old,0,1,0,1,0,0,0,1,0,1,1,0,0,1,1,0,0,1
347,0.98,0.69,0.00,FEMALE,INNER_CITY,YES,NO,YES,NO,NO,NO,1.37,old,1,0,1,0,0,0,0,1,0,1,1,0,1,0,1,0,1,0
348,0.92,0.57,0.00,MALE,INNER_CITY,YES,NO,YES,NO,YES,NO,0.81,old,1,0,1,0,0,0,0,1,0,1,1,0,0,1,1,0,0,1
349,0.71,0.33,0.33,FEMALE,INNER_CITY,NO,NO,NO,YES,NO,YES,-0.27,old,1,0,1,0,0,0,1,0,1,0,0,1,1,0,0,1,1,0
350,0.31,0.45,0.00,FEMALE,INNER_CITY,NO,YES,NO,YES,YES,YES,0.29,young,0,1,1,0,0,0,1,0,1,0,0,1,0,1,0,1,1,0
351,0.41,0.33,0.00,MALE,TOWN,YES,NO,YES,YES,YES,NO,-0.24,mid-age,1,0,0,0,0,1,0,1,0,1,0,1,0,1,1,0,0,1
352,0.78,0.34,0.33,FEMALE,RURAL,NO,NO,YES,YES,YES,NO,-0.23,old,1,0,0,1,0,0,1,0,0,1,0,1,0,1,1,0,1,0
353,0.61,0.65,0.33,MALE,TOWN,NO,YES,YES,YES,NO,YES,1.20,mid-age,0,1,0,0,0,1,1,0,0,1,0,1,1,0,0,1,0,1
354,0.63,0.43,0.00,FEMALE,SUBURBAN,YES,YES,NO,YES,YES,YES,0.21,mid-age,0,1,0,0,1,0,0,1,1,0,0,1,0,1,0,1,1,0
355,0.73,0.78,0.67,FEMALE,RURAL,YES,NO,YES,YES,YES,YES,1.76,old,1,0,0,1,0,0,0,1,0,1,0,1,0,1,0,1,1,0
356,0.47,0.31,0.00,FEMALE,SUBURBAN,YES,NO,NO,YES,NO,NO,-0.36,mid-age,1,0,0,0,1,0,0,1,1,0,0,1,1,0,1,0,1,0
357,0.02,0.08,0.00,MALE,RURAL,NO,NO,YES,YES,NO,YES,-1.39,young,1,0,0,1,0,0,1,0,0,1,0,1,1,0,0,1,0,1
358,0.69,0.50,1.00,FEMALE,INNER_CITY,NO,YES,NO,YES,NO,NO,0.52,old,0,1,1,0,0,0,1,0,1,0,0,1,1,0,1,0,1,0
359,0.69,0.31,0.33,FEMALE,INNER_CITY,YES,YES,YES,NO,NO,YES,-0.37,old,0,1,1,0,0,0,0,1,0,1,1,0,1,0,0,1,1,0
360,0.94,0.80,0.67,FEMALE,TOWN,NO,YES,YES,YES,NO,YES,1.87,old,0,1,0,0,0,1,1,0,0,1,0,1,1,0,0,1,1,0
361,0.78,0.26,1.00,MALE,TOWN,YES,NO,YES,YES,YES,NO,-0.59,old,1,0,0,0,0,1,0,1,0,1,0,1,0,1,1,0,0,1
362,0.78,0.42,0.67,MALE,TOWN,YES,NO,NO,YES,NO,NO,0.16,old,1,0,0,0,0,1,0,1,1,0,0,1,1,0,1,0,0,1
363,0.02,0.13,0.00,FEMALE,TOWN,YES,NO,YES,YES,NO,NO,-1.16,young,1,0,0,0,0,1,0,1,0,1,0,1,1,0,1,0,1,0
364,0.78,0.80,0.33,FEMALE,TOWN,YES,YES,YES,NO,NO,YES,1.84,old,0,1,0,0,0,1,0,1,0,1,1,0,1,0,0,1,1,0
365,0.18,0.21,0.67,MALE,INNER_CITY,YES,YES,YES,NO,NO,YES,-0.79,young,0,1,1,0,0,0,0,1,0,1,1,0,1,0,0,1,0,1
366,0.84,0.43,0.33,FEMALE,INNER_CITY,NO,YES,NO,YES,NO,YES,0.18,old,0,1,1,0,0,0,1,0,1,0,0,1,1,0,0,1,1,0
367,0.78,0.74,0.00,MALE,INNER_CITY,YES,YES,YES,YES,YES,NO,1.57,old,0,1,1,0,0,0,0,1,0,1,0,1,0,1,1,0,0,1
368,0.06,0.11,0.00,MALE,TOWN,YES,NO,YES,YES,YES,NO,-1.26,young,1,0,0,0,0,1,0,1,0,1,0,1,0,1,1,0,0,1
369,0.94,0.50,1.00,MALE,INNER_CITY,YES,NO,YES,NO,YES,NO,0.51,old,1,0,1,0,0,0,0,1,0,1,1,0,0,1,1,0,0,1
370,0.90,0.72,0.00,MALE,INNER_CITY,YES,NO,YES,YES,NO,NO,1.50,old,1,0,1,0,0,0,0,1,0,1,0,1,1,0,1,0,0,1
371,0.53,0.58,0.67,FEMALE,INNER_CITY,NO,NO,YES,YES,NO,YES,0.85,mid-age,1,0,1,0,0,0,1,0,0,1,0,1,1,0,0,1,1,0
372,0.12,0.05,0.00,FEMALE,INNER_CITY,NO,NO,NO,NO,NO,YES,-1.53,young,1,0,1,0,0,0,1,0,1,0,1,0,1,0,0,1,1,0
373,0.69,0.40,0.00,FEMALE,INNER_CITY,YES,NO,NO,YES,NO,NO,0.07,old,1,0,1,0,0,0,0,1,1,0,0,1,1,0,1,0,1,0
374,1.00,0.73,0.67,FEMALE,SUBURBAN,YES,NO,YES,YES,NO,YES,1.53,old,1,0,0,0,1,0,0,1,0,1,0,1,1,0,0,1,1,0
375,0.47,0.27,0.00,MALE,INNER_CITY,YES,YES,YES,YES,NO,NO,-0.52,mid-age,0,1,1,0,0,0,0,1,0,1,0,1,1,0,1,0,0,1
376,0.82,0.49,0.33,FEMALE,TOWN,NO,NO,NO,NO,YES,YES,0.44,old,1,0,0,0,0,1,1,0,1,0,1,0,0,1,0,1,1,0
377,0.45,0.34,0.67,MALE,INNER_CITY,NO,NO,NO,YES,NO,NO,-0.21,mid-age,1,0,1,0,0,0,1,0,1,0,0,1,1,0,1,0,0,1
378,0.02,0.22,0.00,MALE,SUBURBAN,YES,NO,NO,YES,YES,YES,-0.74,young,1,0,0,0,1,0,0,1,1,0,0,1,0,1,0,1,0,1
379,0.04,0.08,1.00,FEMALE,INNER_CITY,YES,NO,NO,YES,NO,NO,-1.37,young,1,0,1,0,0,0,0,1,1,0,0,1,1,0,1,0,1,0
380,0.78,0.37,0.00,FEMALE,TOWN,NO,YES,YES,YES,NO,YES,-0.08,old,0,1,0,0,0,1,1,0,0,1,0,1,1,0,0,1,1,0
381,0.57,0.47,0.67,FEMALE,INNER_CITY,YES,YES,YES,YES,NO,NO,0.39,mid-age,0,1,1,0,0,0,0,1,0,1,0,1,1,0,1,0,1,0
382,0.24,0.17,0.33,MALE,INNER_CITY,YES,NO,NO,YES,NO,NO,-1.00,young,1,0,1,0,0,0,0,1,1,0,0,1,1,0,1,0,0,1
383,0.45,0.51,0.33,FEMALE,TOWN,YES,YES,YES,YES,NO,YES,0.57,mid-age,0,1,0,0,0,1,0,1,0,1,0,1,1,0,0,1,1,0
384,0.37,0.38,0.00,FEMALE,TOWN,YES,NO,NO,YES,NO,NO,-0.05,mid-age,1,0,0,0,0,1,0,1,1,0,0,1,1,0,1,0,1,0
385,0.80,0.57,1.00,FEMALE,INNER_CITY,NO,YES,NO,YES,YES,NO,0.83,old,0,1,1,0,0,0,1,0,1,0,0,1,0,1,1,0,1,0
386,0.63,0.18,0.00,MALE,INNER_CITY,NO,NO,NO,YES,NO,NO,-0.92,mid-age,1,0,1,0,0,0,1,0,1,0,0,1,1,0,1,0,0,1
387,0.88,0.43,0.33,MALE,INNER_CITY,NO,YES,NO,NO,NO,YES,0.20,old,0,1,1,0,0,0,1,0,1,0,1,0,1,0,0,1,0,1
388,0.22,0.17,0.00,MALE,INNER_CITY,NO,YES,NO,YES,NO,YES,-1.00,young,0,1,1,0,0,0,1,0,1,0,0,1,1,0,0,1,0,1
389,0.61,0.19,0.00,FEMALE,INNER_CITY,YES,NO,YES,NO,NO,NO,-0.90,mid-age,1,0,1,0,0,0,0,1,0,1,1,0,1,0,1,0,1,0
390,0.78,0.68,0.00,FEMALE,INNER_CITY,YES,NO,YES,YES,NO,NO,1.30,old,1,0,1,0,0,0,0,1,0,1,0,1,1,0,1,0,1,0
391,0.45,0.30,0.00,MALE,TOWN,NO,YES,NO,YES,NO,YES,-0.41,mid-age,0,1,0,0,0,1,1,0,1,0,0,1,1,0,0,1,0,1
392,0.82,0.57,1.00,FEMALE,TOWN,YES,YES,YES,NO,NO,NO,0.83,old,0,1,0,0,0,1,0,1,0,1,1,0,1,0,1,0,1,0
393,0.86,0.29,0.67,FEMALE,INNER_CITY,YES,YES,YES,NO,YES,NO,-0.42,old,0,1,1,0,0,0,0,1,0,1,1,0,0,1,1,0,1,0
394,0.82,0.35,0.00,FEMALE,SUBURBAN,NO,YES,NO,NO,YES,YES,-0.16,old,0,1,0,0,1,0,1,0,1,0,1,0,0,1,0,1,1,0
395,1.00,0.32,1.00,FEMALE,TOWN,YES,YES,NO,NO,YES,NO,-0.31,old,0,1,0,0,0,1,0,1,1,0,1,0,0,1,1,0,1,0
396,0.45,0.36,0.00,MALE,RURAL,YES,YES,YES,NO,NO,NO,-0.14,mid-age,0,1,0,1,0,0,0,1,0,1,1,0,1,0,1,0,0,1
397,0.61,0.50,0.67,MALE,INNER_CITY,YES,NO,YES,YES,NO,YES,0.52,mid-age,1,0,1,0,0,0,0,1,0,1,0,1,1,0,0,1,0,1
398,0.94,0.90,0.33,FEMALE,INNER_CITY,NO,NO,YES,YES,NO,YES,2.32,old,1,0,1,0,0,0,1,0,0,1,0,1,1,0,0,1,1,0
399,0.51,0.57,0.00,MALE,TOWN,YES,YES,YES,NO,YES,NO,0.82,mid-age,0,1,0,0,0,1,0,1,0,1,1,0,0,1,1,0,0,1
400,0.33,0.25,0.00,FEMALE,RURAL,NO,NO,NO,YES,YES,YES,-0.62,young,1,0,0,1,0,0,1,0,1,0,0,1,0,1,0,1,1,0
401,0.16,0.25,1.00,MALE,RURAL,NO,YES,NO,NO,YES,NO,-0.62,young,0,1,0,1,0,0,1,0,1,0,1,0,0,1,1,0,0,1
402,0.61,0.58,0.00,MALE,INNER_CITY,YES,YES,NO,YES,NO,NO,0.86,mid-age,0,1,1,0,0,0,0,1,1,0,0,1,1,0,1,0,0,1
403,0.35,0.27,0.00,MALE,INNER_CITY,NO,NO,NO,NO,YES,YES,-0.52,young,1,0,1,0,0,0,1,0,1,0,1,0,0,1,0,1,0,1
404,0.12,0.15,1.00,FEMALE,INNER_CITY,YES,NO,YES,YES,NO,YES,-1.06,young,1,0,1,0,0,0,0,1,0,1,0,1,1,0,0,1,1,0
405,0.59,0.54,1.00,MALE,SUBURBAN,YES,YES,YES,YES,NO,YES,0.70,mid-age,0,1,0,0,1,0,0,1,0,1,0,1,1,0,0,1,0,1
406,0.69,0.70,0.33,MALE,SUBURBAN,NO,NO,YES,YES,NO,YES,1.42,old,1,0,0,0,1,0,1,0,0,1,0,1,1,0,0,1,0,1
407,0.27,0.30,0.00,MALE,SUBURBAN,NO,NO,YES,YES,NO,YES,-0.40,young,1,0,0,0,1,0,1,0,0,1,0,1,1,0,0,1,0,1
408,0.47,0.29,0.33,FEMALE,SUBURBAN,YES,YES,NO,NO,NO,YES,-0.43,mid-age,0,1,0,0,1,0,0,1,1,0,1,0,1,0,0,1,1,0
409,0.10,0.10,0.67,MALE,SUBURBAN,YES,NO,YES,NO,NO,NO,-1.28,young,1,0,0,0,1,0,0,1,0,1,1,0,1,0,1,0,0,1
410,0.18,0.23,0.33,FEMALE,INNER_CITY,NO,YES,NO,YES,YES,YES,-0.73,young,0,1,1,0,0,0,1,0,1,0,0,1,0,1,0,1,1,0
411,0.08,0.04,0.00,MALE,INNER_CITY,NO,YES,YES,YES,YES,NO,-1.57,young,0,1,1,0,0,0,1,0,0,1,0,1,0,1,1,0,0,1
412,1.00,0.91,0.67,FEMALE,INNER_CITY,NO,YES,YES,YES,NO,YES,2.37,old,0,1,1,0,0,0,1,0,0,1,0,1,1,0,0,1,1,0
413,0.16,0.20,0.00,FEMALE,INNER_CITY,YES,YES,NO,YES,NO,YES,-0.85,young,0,1,1,0,0,0,0,1,1,0,0,1,1,0,0,1,1,0
414,0.82,0.71,0.00,FEMALE,SUBURBAN,YES,NO,YES,YES,NO,NO,1.47,old,1,0,0,0,1,0,0,1,0,1,0,1,1,0,1,0,1,0
415,0.18,0.26,0.00,MALE,RURAL,YES,NO,YES,YES,YES,NO,-0.58,young,1,0,0,1,0,0,0,1,0,1,0,1,0,1,1,0,0,1
416,0.37,0.13,0.33,MALE,INNER_CITY,NO,NO,YES,NO,YES,NO,-1.16,mid-age,1,0,1,0,0,0,1,0,0,1,1,0,0,1,1,0,0,1
417,0.27,0.31,0.33,MALE,RURAL,YES,YES,NO,NO,NO,YES,-0.36,young,0,1,0,1,0,0,0,1,1,0,1,0,1,0,0,1,0,1
418,0.20,0.36,0.67,FEMALE,TOWN,YES,YES,YES,NO,NO,YES,-0.14,young,0,1,0,0,0,1,0,1,0,1,1,0,1,0,0,1,1,0
419,0.80,0.29,0.00,MALE,TOWN,YES,NO,YES,YES,YES,NO,-0.46,old,1,0,0,0,0,1,0,1,0,1,0,1,0,1,1,0,0,1
420,0.94,0.76,0.00,MALE,INNER_CITY,YES,YES,YES,YES,YES,NO,1.66,old,0,1,1,0,0,0,0,1,0,1,0,1,0,1,1,0,0,1
421,0.63,0.63,0.33,MALE,INNER_CITY,NO,NO,YES,NO,NO,YES,1.08,mid-age,1,0,1,0,0,0,1,0,0,1,1,0,1,0,0,1,0,1
422,0.08,0.11,0.33,MALE,INNER_CITY,YES,YES,NO,YES,NO,NO,-1.25,young,0,1,1,0,0,0,0,1,1,0,0,1,1,0,1,0,0,1
423,0.82,0.67,0.00,FEMALE,INNER_CITY,YES,YES,YES,YES,NO,NO,1.27,old,0,1,1,0,0,0,0,1,0,1,0,1,1,0,1,0,1,0
424,0.04,0.21,0.33,MALE,TOWN,NO,YES,NO,YES,NO,YES,-0.80,young,0,1,0,0,0,1,1,0,1,0,0,1,1,0,0,1,0,1
425,0.53,0.44,0.00,FEMALE,RURAL,YES,NO,YES,YES,NO,NO,0.23,mid-age,1,0,0,1,0,0,0,1,0,1,0,1,1,0,1,0,1,0
426,0.96,0.43,1.00,FEMALE,TOWN,YES,NO,YES,NO,NO,NO,0.18,old,1,0,0,0,0,1,0,1,0,1,1,0,1,0,1,0,1,0
427,0.71,0.47,0.67,FEMALE,INNER_CITY,YES,YES,NO,NO,NO,YES,0.36,old,0,1,1,0,0,0,0,1,1,0,1,0,1,0,0,1,1,0
428,0.33,0.21,0.33,FEMALE,INNER_CITY,YES,YES,NO,YES,YES,YES,-0.79,young,0,1,1,0,0,0,0,1,1,0,0,1,0,1,0,1,1,0
429,0.35,0.39,0.67,MALE,RURAL,NO,NO,YES,YES,YES,NO,0.03,young,1,0,0,1,0,0,1,0,0,1,0,1,0,1,1,0,0,1
430,0.61,0.41,0.00,MALE,TOWN,YES,NO,YES,NO,YES,NO,0.11,mid-age,1,0,0,0,0,1,0,1,0,1,1,0,0,1,1,0,0,1
431,0.94,0.92,0.33,FEMALE,TOWN,YES,YES,YES,YES,NO,YES,2.39,old,0,1,0,0,0,1,0,1,0,1,0,1,1,0,0,1,1,0
432,0.57,0.20,0.00,MALE,TOWN,NO,YES,YES,YES,YES,NO,-0.83,mid-age,0,1,0,0,0,1,1,0,0,1,0,1,0,1,1,0,0,1
433,0.49,0.40,0.00,FEMALE,RURAL,YES,NO,NO,YES,YES,YES,0.05,mid-age,1,0,0,1,0,0,0,1,1,0,0,1,0,1,0,1,1,0
434,0.59,0.31,0.00,MALE,INNER_CITY,YES,YES,YES,NO,NO,NO,-0.35,mid-age,0,1,1,0,0,0,0,1,0,1,1,0,1,0,1,0,0,1
435,0.10,0.12,0.67,MALE,TOWN,NO,YES,YES,YES,YES,NO,-1.22,young,0,1,0,0,0,1,1,0,0,1,0,1,0,1,1,0,0,1
436,0.35,0.20,0.00,MALE,INNER_CITY,YES,YES,NO,NO,YES,YES,-0.86,young,0,1,1,0,0,0,0,1,1,0,1,0,0,1,0,1,0,1
437,0.94,0.45,0.33,FEMALE,INNER_CITY,NO,YES,YES,NO,YES,YES,0.30,old,0,1,1,0,0,0,1,0,0,1,1,0,0,1,0,1,1,0
438,0.00,0.12,0.33,FEMALE,SUBURBAN,YES,NO,NO,YES,NO,NO,-1.19,young,1,0,0,0,1,0,0,1,1,0,0,1,1,0,1,0,1,0
439,0.02,0.18,0.33,MALE,INNER_CITY,YES,YES,NO,YES,NO,NO,-0.94,young,0,1,1,0,0,0,0,1,1,0,0,1,1,0,1,0,0,1
440,0.45,0.42,0.33,MALE,INNER_CITY,YES,NO,YES,NO,YES,YES,0.15,mid-age,1,0,1,0,0,0,0,1,0,1,1,0,0,1,0,1,0,1
441,0.59,0.68,0.00,MALE,INNER_CITY,YES,YES,YES,YES,NO,NO,1.33,mid-age,0,1,1,0,0,0,0,1,0,1,0,1,1,0,1,0,0,1
442,0.51,0.54,0.00,FEMALE,RURAL,YES,YES,YES,YES,NO,NO,0.68,mid-age,0,1,0,1,0,0,0,1,0,1,0,1,1,0,1,0,1,0
443,0.41,0.49,0.00,MALE,TOWN,NO,YES,NO,YES,YES,YES,0.45,mid-age,0,1,0,0,0,1,1,0,1,0,0,1,0,1,0,1,0,1
444,0.06,0.19,0.00,FEMALE,RURAL,YES,NO,YES,YES,NO,YES,-0.91,young,1,0,0,1,0,0,0,1,0,1,0,1,1,0,0,1,1,0
445,0.45,0.46,0.00,MALE,RURAL,YES,YES,YES,YES,NO,NO,0.34,mid-age,0,1,0,1,0,0,0,1,0,1,0,1,1,0,1,0,0,1
446,0.69,0.67,0.00,FEMALE,TOWN,YES,NO,YES,YES,NO,NO,1.26,old,1,0,0,0,0,1,0,1,0,1,0,1,1,0,1,0,1,0
447,0.35,0.44,0.67,FEMALE,TOWN,YES,NO,NO,YES,NO,YES,0.25,young,1,0,0,0,0,1,0,1,1,0,0,1,1,0,0,1,1,0
448,0.71,0.76,1.00,MALE,RURAL,YES,YES,YES,NO,NO,YES,1.66,old,0,1,0,1,0,0,0,1,0,1,1,0,1,0,0,1,0,1
449,0.41,0.50,0.00,FEMALE,RURAL,NO,YES,YES,YES,NO,YES,0.51,mid-age,0,1,0,1,0,0,1,0,0,1,0,1,1,0,0,1,1,0
450,0.49,0.41,1.00,MALE,INNER_CITY,YES,YES,NO,NO,NO,NO,0.11,mid-age,0,1,1,0,0,0,0,1,1,0,1,0,1,0,1,0,0,1
451,0.51,0.58,0.00,MALE,TOWN,NO,YES,YES,NO,YES,NO,0.85,mid-age,0,1,0,0,0,1,1,0,0,1,1,0,0,1,1,0,0,1
452,0.84,0.38,0.00,FEMALE,INNER_CITY,NO,NO,NO,YES,NO,YES,-0.04,old,1,0,1,0,0,0,1,0,1,0,0,1,1,0,0,1,1,0
453,0.84,0.80,0.00,FEMALE,RURAL,NO,YES,YES,YES,YES,NO,1.84,old,0,1,0,1,0,0,1,0,0,1,0,1,0,1,1,0,1,0
454,0.12,0.20,0.00,MALE,INNER_CITY,NO,NO,YES,YES,YES,NO,-0.87,young,1,0,1,0,0,0,1,0,0,1,0,1,0,1,1,0,0,1
455,0.18,0.12,0.00,FEMALE,INNER_CITY,YES,YES,YES,YES,NO,NO,-1.21,young,0,1,1,0,0,0,0,1,0,1,0,1,1,0,1,0,1,0
456,0.29,0.14,0.00,FEMALE,TOWN,YES,YES,YES,YES,YES,NO,-1.11,young,0,1,0,0,0,1,0,1,0,1,0,1,0,1,1,0,1,0
457,0.96,0.97,0.00,FEMALE,INNER_CITY,YES,NO,YES,YES,NO,NO,2.64,old,1,0,1,0,0,0,0,1,0,1,0,1,1,0,1,0,1,0
458,0.00,0.15,0.33,MALE,SUBURBAN,NO,NO,YES,YES,NO,NO,-1.07,young,1,0,0,0,1,0,1,0,0,1,0,1,1,0,1,0,0,1
459,0.98,0.72,0.33,MALE,TOWN,YES,NO,YES,YES,NO,YES,1.51,old,1,0,0,0,0,1,0,1,0,1,0,1,1,0,0,1,0,1
460,0.47,0.32,0.00,MALE,INNER_CITY,YES,YES,NO,YES,YES,YES,-0.31,mid-age,0,1,1,0,0,0,0,1,1,0,0,1,0,1,0,1,0,1
461,0.94,0.34,0.00,FEMALE,SUBURBAN,YES,YES,YES,NO,YES,NO,-0.23,old,0,1,0,0,1,0,0,1,0,1,1,0,0,1,1,0,1,0
462,0.10,0.22,0.00,FEMALE,INNER_CITY,YES,YES,NO,YES,YES,YES,-0.73,young,0,1,1,0,0,0,0,1,1,0,0,1,0,1,0,1,1,0
463,0.22,0.18,0.67,FEMALE,RURAL,YES,YES,NO,YES,NO,NO,-0.95,young,0,1,0,1,0,0,0,1,1,0,0,1,1,0,1,0,1,0
464,0.20,0.27,0.00,MALE,TOWN,NO,YES,YES,YES,NO,YES,-0.54,young,0,1,0,0,0,1,1,0,0,1,0,1,1,0,0,1,0,1
465,0.80,0.40,0.67,FEMALE,TOWN,YES,YES,YES,YES,YES,NO,0.07,old,0,1,0,0,0,1,0,1,0,1,0,1,0,1,1,0,1,0
466,0.41,0.29,0.00,MALE,INNER_CITY,YES,NO,NO,YES,NO,NO,-0.44,mid-age,1,0,1,0,0,0,0,1,1,0,0,1,1,0,1,0,0,1
467,0.33,0.13,1.00,FEMALE,SUBURBAN,NO,NO,YES,YES,NO,YES,-1.14,young,1,0,0,0,1,0,1,0,0,1,0,1,1,0,0,1,1,0
468,0.51,0.17,0.00,MALE,SUBURBAN,YES,NO,NO,YES,NO,YES,-0.96,mid-age,1,0,0,0,1,0,0,1,1,0,0,1,1,0,0,1,0,1
469,0.92,0.56,1.00,MALE,TOWN,NO,YES,YES,YES,NO,NO,0.77,old,0,1,0,0,0,1,1,0,0,1,0,1,1,0,1,0,0,1
470,0.90,0.63,0.00,FEMALE,INNER_CITY,YES,NO,YES,YES,YES,NO,1.09,old,1,0,1,0,0,0,0,1,0,1,0,1,0,1,1,0,1,0
471,0.67,0.35,0.00,FEMALE,INNER_CITY,YES,YES,YES,YES,NO,NO,-0.17,old,0,1,1,0,0,0,0,1,0,1,0,1,1,0,1,0,1,0
472,0.88,0.28,0.67,MALE,INNER_CITY,YES,YES,YES,NO,NO,NO,-0.49,old,0,1,1,0,0,0,0,1,0,1,1,0,1,0,1,0,0,1
473,0.47,0.39,0.00,FEMALE,TOWN,NO,NO,YES,YES,NO,YES,0.02,mid-age,1,0,0,0,0,1,1,0,0,1,0,1,1,0,0,1,1,0
474,0.27,0.30,0.33,FEMALE,TOWN,NO,YES,YES,YES,YES,YES,-0.38,young,0,1,0,0,0,1,1,0,0,1,0,1,0,1,0,1,1,0
475,0.31,0.12,0.67,FEMALE,TOWN,YES,NO,YES,YES,YES,NO,-1.19,young,1,0,0,0,0,1,0,1,0,1,0,1,0,1,1,0,1,0
476,0.51,0.36,0.33,MALE,RURAL,NO,NO,NO,YES,NO,YES,-0.11,mid-age,1,0,0,1,0,0,1,0,1,0,0,1,1,0,0,1,0,1
477,0.45,0.39,0.00,MALE,INNER_CITY,YES,NO,YES,YES,YES,NO,-0.01,mid-age,1,0,1,0,0,0,0,1,0,1,0,1,0,1,1,0,0,1
478,0.59,0.32,0.67,MALE,TOWN,YES,NO,YES,YES,YES,NO,-0.32,mid-age,1,0,0,0,0,1,0,1,0,1,0,1,0,1,1,0,0,1
479,0.57,0.66,0.33,MALE,TOWN,NO,YES,YES,YES,NO,YES,1.23,mid-age,0,1,0,0,0,1,1,0,0,1,0,1,1,0,0,1,0,1
480,0.24,0.11,0.67,MALE,RURAL,YES,NO,NO,YES,YES,NO,-1.24,young,1,0,0,1,0,0,0,1,1,0,0,1,0,1,1,0,0,1
481,0.59,0.68,0.67,MALE,INNER_CITY,NO,YES,YES,YES,NO,YES,1.33,mid-age,0,1,1,0,0,0,1,0,0,1,0,1,1,0,0,1,0,1
482,0.53,0.48,0.00,MALE,RURAL,NO,NO,YES,YES,YES,NO,0.41,mid-age,1,0,0,1,0,0,1,0,0,1,0,1,0,1,1,0,0,1
483,0.10,0.20,0.00,MALE,RURAL,YES,YES,YES,NO,NO,NO,-0.86,young,0,1,0,1,0,0,0,1,0,1,1,0,1,0,1,0,0,1
484,0.20,0.28,0.33,FEMALE,INNER_CITY,YES,YES,YES,YES,NO,YES,-0.49,young,0,1,1,0,0,0,0,1,0,1,0,1,1,0,0,1,1,0
485,0.94,0.77,0.00,FEMALE,INNER_CITY,YES,YES,YES,YES,YES,NO,1.74,old,0,1,1,0,0,0,0,1,0,1,0,1,0,1,1,0,1,0
486,0.35,0.29,0.00,FEMALE,TOWN,YES,NO,YES,NO,YES,NO,-0.46,young,1,0,0,0,0,1,0,1,0,1,1,0,0,1,1,0,1,0
487,0.02,0.20,0.33,MALE,RURAL,YES,NO,NO,YES,NO,YES,-0.84,young,1,0,0,1,0,0,0,1,1,0,0,1,1,0,0,1,0,1
488,0.18,0.15,1.00,FEMALE,TOWN,YES,NO,YES,NO,NO,NO,-1.05,young,1,0,0,0,0,1,0,1,0,1,1,0,1,0,1,0,1,0
489,0.18,0.26,0.67,MALE,INNER_CITY,YES,NO,YES,NO,NO,YES,-0.55,young,1,0,1,0,0,0,0,1,0,1,1,0,1,0,0,1,0,1
490,0.82,0.46,0.33,FEMALE,INNER_CITY,YES,YES,YES,NO,YES,YES,0.32,old,0,1,1,0,0,0,0,1,0,1,1,0,0,1,0,1,1,0
491,0.57,0.21,0.33,FEMALE,TOWN,NO,YES,YES,YES,NO,YES,-0.80,mid-age,0,1,0,0,0,1,1,0,0,1,0,1,1,0,0,1,1,0
492,0.88,0.39,0.00,FEMALE,TOWN,YES,YES,YES,NO,YES,YES,0.02,old,0,1,0,0,0,1,0,1,0,1,1,0,0,1,0,1,1,0
493,0.84,0.62,0.00,MALE,INNER_CITY,NO,NO,YES,YES,NO,YES,1.04,old,1,0,1,0,0,0,1,0,0,1,0,1,1,0,0,1,0,1
494,0.59,0.67,1.00,FEMALE,RURAL,YES,NO,YES,YES,NO,NO,1.26,mid-age,1,0,0,1,0,0,0,1,0,1,0,1,1,0,1,0,1,0
495,0.53,0.58,0.00,MALE,INNER_CITY,YES,NO,NO,NO,YES,YES,0.85,mid-age,1,0,1,0,0,0,0,1,1,0,1,0,0,1,0,1,0,1
496,0.65,0.62,0.67,MALE,TOWN,NO,YES,YES,YES,YES,YES,1.04,old,0,1,0,0,0,1,1,0,0,1,0,1,0,1,0,1,0,1
497,0.94,0.72,0.00,MALE,INNER_CITY,NO,NO,YES,YES,NO,YES,1.48,old,1,0,1,0,0,0,1,0,0,1,0,1,1,0,0,1,0,1
498,0.67,0.67,0.00,FEMALE,TOWN,NO,NO,YES,YES,YES,NO,1.26,old,1,0,0,0,0,1,1,0,0,1,0,1,0,1,1,0,1,0
499,0.57,0.24,0.00,FEMALE,TOWN,YES,YES,NO,YES,NO,YES,-0.67,mid-age,0,1,0,0,0,1,0,1,1,0,0,1,1,0,0,1,1,0
500,0.43,0.39,1.00,FEMALE,INNER_CITY,YES,YES,YES,NO,NO,NO,0.02,mid-age,0,1,1,0,0,0,0,1,0,1,1,0,1,0,1,0,1,0
501,0.82,0.48,0.33,FEMALE,INNER_CITY,NO,YES,NO,YES,NO,YES,0.43,old,0,1,1,0,0,0,1,0,1,0,0,1,1,0,0,1,1,0
502,0.29,0.37,0.00,FEMALE,TOWN,YES,YES,NO,NO,NO,NO,-0.09,young,0,1,0,0,0,1,0,1,1,0,1,0,1,0,1,0,1,0
503,0.08,0.18,0.00,FEMALE,INNER_CITY,NO,YES,YES,YES,YES,NO,-0.95,young,0,1,1,0,0,0,1,0,0,1,0,1,0,1,1,0,1,0
504,0.92,0.94,0.33,FEMALE,INNER_CITY,YES,YES,YES,YES,NO,YES,2.50,old,0,1,1,0,0,0,0,1,0,1,0,1,1,0,0,1,1,0
505,0.35,0.41,0.00,FEMALE,TOWN,YES,YES,YES,YES,NO,NO,0.09,young,0,1,0,0,0,1,0,1,0,1,0,1,1,0,1,0,1,0
506,0.84,0.31,0.00,FEMALE,INNER_CITY,YES,NO,NO,NO,YES,YES,-0.34,old,1,0,1,0,0,0,0,1,1,0,1,0,0,1,0,1,1,0
507,0.08,0.11,0.00,FEMALE,SUBURBAN,NO,YES,YES,YES,NO,YES,-1.23,young,0,1,0,0,1,0,1,0,0,1,0,1,1,0,0,1,1,0
508,0.86,0.78,0.67,MALE,SUBURBAN,NO,NO,YES,YES,YES,YES,1.77,old,1,0,0,0,1,0,1,0,0,1,0,1,0,1,0,1,0,1
509,0.10,0.11,0.67,FEMALE,RURAL,YES,YES,YES,YES,NO,YES,-1.26,young,0,1,0,1,0,0,0,1,0,1,0,1,1,0,0,1,1,0
510,0.22,0.14,0.00,FEMALE,TOWN,YES,NO,YES,NO,NO,NO,-1.10,young,1,0,0,0,0,1,0,1,0,1,1,0,1,0,1,0,1,0
511,0.53,0.19,1.00,MALE,INNER_CITY,YES,NO,YES,YES,NO,NO,-0.89,mid-age,1,0,1,0,0,0,0,1,0,1,0,1,1,0,1,0,0,1
512,0.92,0.67,0.00,FEMALE,TOWN,YES,YES,YES,YES,YES,NO,1.27,old,0,1,0,0,0,1,0,1,0,1,0,1,0,1,1,0,1,0
513,0.14,0.16,1.00,FEMALE,RURAL,NO,NO,YES,YES,NO,NO,-1.01,young,1,0,0,1,0,0,1,0,0,1,0,1,1,0,1,0,1,0
514,0.39,0.50,0.00,MALE,INNER_CITY,NO,YES,YES,NO,NO,YES,0.49,mid-age,0,1,1,0,0,0,1,0,0,1,1,0,1,0,0,1,0,1
515,0.61,0.20,0.33,FEMALE,INNER_CITY,YES,NO,YES,YES,NO,YES,-0.84,mid-age,1,0,1,0,0,0,0,1,0,1,0,1,1,0,0,1,1,0
516,0.35,0.26,0.00,FEMALE,TOWN,NO,NO,YES,NO,NO,YES,-0.56,young,1,0,0,0,0,1,1,0,0,1,1,0,1,0,0,1,1,0
517,0.67,0.49,0.33,MALE,TOWN,YES,NO,YES,NO,YES,YES,0.47,old,1,0,0,0,0,1,0,1,0,1,1,0,0,1,0,1,0,1
518,0.18,0.29,1.00,FEMALE,TOWN,NO,NO,NO,YES,NO,NO,-0.43,young,1,0,0,0,0,1,1,0,1,0,0,1,1,0,1,0,1,0
519,0.78,0.41,1.00,FEMALE,INNER_CITY,YES,YES,YES,YES,YES,NO,0.11,old,0,1,1,0,0,0,0,1,0,1,0,1,0,1,1,0,1,0
520,0.41,0.12,0.67,FEMALE,INNER_CITY,YES,YES,NO,YES,NO,YES,-1.19,mid-age,0,1,1,0,0,0,0,1,1,0,0,1,1,0,0,1,1,0
521,0.37,0.21,0.67,FEMALE,TOWN,YES,YES,YES,YES,NO,NO,-0.80,mid-age,0,1,0,0,0,1,0,1,0,1,0,1,1,0,1,0,1,0
522,0.18,0.13,1.00,MALE,SUBURBAN,NO,NO,YES,YES,YES,NO,-1.15,young,1,0,0,0,1,0,1,0,0,1,0,1,0,1,1,0,0,1
523,0.33,0.19,0.00,FEMALE,TOWN,YES,YES,YES,NO,YES,NO,-0.87,young,0,1,0,0,0,1,0,1,0,1,1,0,0,1,1,0,1,0
524,0.53,0.24,0.00,MALE,SUBURBAN,YES,YES,YES,YES,YES,YES,-0.68,mid-age,0,1,0,0,1,0,0,1,0,1,0,1,0,1,0,1,0,1
525,0.51,0.25,0.33,FEMALE,INNER_CITY,YES,NO,NO,YES,NO,YES,-0.64,mid-age,1,0,1,0,0,0,0,1,1,0,0,1,1,0,0,1,1,0
526,0.29,0.16,0.67,MALE,INNER_CITY,NO,NO,YES,NO,YES,NO,-1.01,young,1,0,1,0,0,0,1,0,0,1,1,0,0,1,1,0,0,1
527,0.06,0.10,0.33,FEMALE,TOWN,NO,NO,YES,YES,YES,NO,-1.31,young,1,0,0,0,0,1,1,0,0,1,0,1,0,1,1,0,1,0
528,0.24,0.36,0.67,FEMALE,INNER_CITY,YES,NO,NO,YES,NO,NO,-0.13,young,1,0,1,0,0,0,0,1,1,0,0,1,1,0,1,0,1,0
529,0.76,0.66,0.33,MALE,RURAL,YES,YES,YES,YES,NO,NO,1.24,old,0,1,0,1,0,0,0,1,0,1,0,1,1,0,1,0,0,1
530,0.94,0.93,0.33,MALE,SUBURBAN,YES,NO,YES,YES,NO,YES,2.45,old,1,0,0,0,1,0,0,1,0,1,0,1,1,0,0,1,0,1
531,0.37,0.39,0.33,FEMALE,INNER_CITY,NO,YES,NO,NO,NO,YES,0.01,mid-age,0,1,1,0,0,0,1,0,1,0,1,0,1,0,0,1,1,0
532,0.84,0.43,0.33,MALE,INNER_CITY,NO,NO,YES,YES,NO,YES,0.20,old,1,0,1,0,0,0,1,0,0,1,0,1,1,0,0,1,0,1
533,0.86,0.43,0.00,MALE,INNER_CITY,YES,YES,NO,YES,YES,YES,0.17,old,0,1,1,0,0,0,0,1,1,0,0,1,0,1,0,1,0,1
534,0.18,0.15,0.33,FEMALE,TOWN,NO,YES,YES,YES,YES,NO,-1.05,young,0,1,0,0,0,1,1,0,0,1,0,1,0,1,1,0,1,0
535,0.22,0.09,0.00,MALE,INNER_CITY,YES,NO,NO,YES,NO,NO,-1.35,young,1,0,1,0,0,0,0,1,1,0,0,1,1,0,1,0,0,1
536,0.71,0.57,0.33,FEMALE,INNER_CITY,NO,NO,YES,YES,NO,YES,0.80,old,1,0,1,0,0,0,1,0,0,1,0,1,1,0,0,1,1,0
537,0.88,0.90,0.67,FEMALE,RURAL,NO,NO,YES,YES,NO,YES,2.30,old,1,0,0,1,0,0,1,0,0,1,0,1,1,0,0,1,1,0
538,0.51,0.58,0.00,FEMALE,INNER_CITY,YES,NO,YES,YES,NO,NO,0.87,mid-age,1,0,1,0,0,0,0,1,0,1,0,1,1,0,1,0,1,0
539,0.02,0.09,0.00,MALE,INNER_CITY,YES,NO,YES,YES,YES,YES,-1.34,young,1,0,1,0,0,0,0,1,0,1,0,1,0,1,0,1,0,1
540,0.61,0.29,0.33,FEMALE,INNER_CITY,YES,YES,YES,NO,YES,YES,-0.44,mid-age,0,1,1,0,0,0,0,1,0,1,1,0,0,1,0,1,1,0
541,0.43,0.56,0.67,MALE,RURAL,YES,NO,YES,YES,NO,YES,0.76,mid-age,1,0,0,1,0,0,0,1,0,1,0,1,1,0,0,1,0,1
542,0.29,0.17,0.67,MALE,INNER_CITY,YES,YES,YES,YES,NO,NO,-1.00,young,0,1,1,0,0,0,0,1,0,1,0,1,1,0,1,0,0,1
543,0.92,0.75,0.33,MALE,SUBURBAN,YES,YES,YES,NO,YES,YES,1.65,old,0,1,0,0,1,0,0,1,0,1,1,0,0,1,0,1,0,1
544,0.57,0.28,0.33,MALE,RURAL,YES,YES,YES,YES,NO,YES,-0.50,mid-age,0,1,0,1,0,0,0,1,0,1,0,1,1,0,0,1,0,1
545,0.45,0.54,0.00,MALE,INNER_CITY,NO,NO,NO,YES,YES,YES,0.68,mid-age,1,0,1,0,0,0,1,0,1,0,0,1,0,1,0,1,0,1
546,0.18,0.18,0.00,FEMALE,INNER_CITY,NO,YES,NO,NO,YES,YES,-0.95,young,0,1,1,0,0,0,1,0,1,0,1,0,0,1,0,1,1,0
547,0.08,0.07,0.67,MALE,SUBURBAN,YES,YES,YES,YES,NO,NO,-1.41,young,0,1,0,0,1,0,0,1,0,1,0,1,1,0,1,0,0,1
548,0.49,0.27,0.33,MALE,RURAL,YES,YES,YES,YES,NO,YES,-0.53,mid-age,0,1,0,1,0,0,0,1,0,1,0,1,1,0,0,1,0,1
549,0.82,0.82,0.33,FEMALE,TOWN,YES,YES,YES,YES,YES,YES,1.95,old,0,1,0,0,0,1,0,1,0,1,0,1,0,1,0,1,1,0
550,0.10,0.05,0.33,FEMALE,INNER_CITY,YES,YES,NO,YES,NO,NO,-1.51,young,0,1,1,0,0,0,0,1,1,0,0,1,1,0,1,0,1,0
551,0.82,0.47,1.00,MALE,SUBURBAN,YES,NO,NO,NO,NO,NO,0.37,old,1,0,0,0,1,0,0,1,1,0,1,0,1,0,1,0,0,1
552,0.55,0.62,0.67,MALE,INNER_CITY,YES,YES,YES,YES,NO,NO,1.05,mid-age,0,1,1,0,0,0,0,1,0,1,0,1,1,0,1,0,0,1
553,0.63,0.59,0.00,FEMALE,SUBURBAN,YES,YES,NO,NO,YES,NO,0.92,mid-age,0,1,0,0,1,0,0,1,1,0,1,0,0,1,1,0,1,0
554,1.00,0.53,1.00,FEMALE,INNER_CITY,YES,YES,YES,YES,NO,NO,0.66,old,0,1,1,0,0,0,0,1,0,1,0,1,1,0,1,0,1,0
555,0.04,0.05,0.67,FEMALE,TOWN,YES,YES,YES,YES,NO,NO,-1.53,young,0,1,0,0,0,1,0,1,0,1,0,1,1,0,1,0,1,0
556,0.51,0.23,0.33,FEMALE,RURAL,YES,YES,YES,YES,YES,YES,-0.69,mid-age,0,1,0,1,0,0,0,1,0,1,0,1,0,1,0,1,1,0
557,0.47,0.35,0.00,MALE,RURAL,YES,NO,NO,YES,NO,NO,-0.19,mid-age,1,0,0,1,0,0,0,1,1,0,0,1,1,0,1,0,0,1
558,0.41,0.45,0.00,FEMALE,SUBURBAN,YES,NO,YES,YES,NO,NO,0.29,mid-age,1,0,0,0,1,0,0,1,0,1,0,1,1,0,1,0,1,0
559,1.00,0.34,0.00,FEMALE,SUBURBAN,YES,NO,NO,YES,YES,YES,-0.21,old,1,0,0,0,1,0,0,1,1,0,0,1,0,1,0,1,1,0
560,0.45,0.20,0.33,MALE,INNER_CITY,NO,NO,YES,YES,NO,YES,-0.86,mid-age,1,0,1,0,0,0,1,0,0,1,0,1,1,0,0,1,0,1
561,0.14,0.31,0.00,FEMALE,SUBURBAN,NO,NO,NO,YES,YES,YES,-0.33,young,1,0,0,0,1,0,1,0,1,0,0,1,0,1,0,1,1,0
562,0.80,0.79,0.00,FEMALE,RURAL,YES,NO,YES,YES,NO,NO,1.81,old,1,0,0,1,0,0,0,1,0,1,0,1,1,0,1,0,1,0
563,0.29,0.30,0.33,FEMALE,INNER_CITY,NO,NO,NO,YES,YES,YES,-0.39,young,1,0,1,0,0,0,1,0,1,0,0,1,0,1,0,1,1,0
564,0.53,0.31,0.00,MALE,SUBURBAN,YES,YES,NO,YES,YES,YES,-0.34,mid-age,0,1,0,0,1,0,0,1,1,0,0,1,0,1,0,1,0,1
565,0.24,0.34,0.00,MALE,TOWN,YES,YES,YES,NO,NO,NO,-0.21,young,0,1,0,0,0,1,0,1,0,1,1,0,1,0,1,0,0,1
566,0.51,0.30,0.00,MALE,TOWN,YES,NO,NO,YES,YES,NO,-0.41,mid-age,1,0,0,0,0,1,0,1,1,0,0,1,0,1,1,0,0,1
567,0.02,0.21,0.67,FEMALE,INNER_CITY,YES,YES,YES,YES,NO,NO,-0.79,young,0,1,1,0,0,0,0,1,0,1,0,1,1,0,1,0,1,0
568,0.39,0.42,0.00,FEMALE,TOWN,YES,YES,YES,YES,NO,NO,0.16,mid-age,0,1,0,0,0,1,0,1,0,1,0,1,1,0,1,0,1,0
569,0.63,0.22,0.33,MALE,INNER_CITY,NO,YES,YES,YES,YES,YES,-0.74,mid-age,0,1,1,0,0,0,1,0,0,1,0,1,0,1,0,1,0,1
570,0.63,0.49,1.00,FEMALE,RURAL,NO,YES,NO,YES,NO,NO,0.48,mid-age,0,1,0,1,0,0,1,0,1,0,0,1,1,0,1,0,1,0
571,0.45,0.54,0.00,MALE,INNER_CITY,YES,NO,NO,NO,NO,NO,0.67,mid-age,1,0,1,0,0,0,0,1,1,0,1,0,1,0,1,0,0,1
572,0.31,0.39,0.67,FEMALE,SUBURBAN,NO,NO,YES,YES,NO,YES,0.01,young,1,0,0,0,1,0,1,0,0,1,0,1,1,0,0,1,1,0
573,0.43,0.30,0.67,MALE,TOWN,YES,YES,YES,YES,NO,NO,-0.40,mid-age,0,1,0,0,0,1,0,1,0,1,0,1,1,0,1,0,0,1
574,0.51,0.40,0.00,FEMALE,INNER_CITY,YES,YES,YES,YES,NO,NO,0.07,mid-age,0,1,1,0,0,0,0,1,0,1,0,1,1,0,1,0,1,0
575,0.39,0.44,0.00,MALE,TOWN,YES,NO,YES,YES,YES,NO,0.23,mid-age,1,0,0,0,0,1,0,1,0,1,0,1,0,1,1,0,0,1
576,0.12,0.24,0.33,FEMALE,TOWN,YES,YES,YES,YES,NO,YES,-0.65,young,0,1,0,0,0,1,0,1,0,1,0,1,1,0,0,1,1,0
577,0.90,0.69,0.00,MALE,TOWN,YES,YES,YES,NO,NO,YES,1.38,old,0,1,0,0,0,1,0,1,0,1,1,0,1,0,0,1,0,1
578,0.00,0.02,0.00,MALE,INNER_CITY,NO,NO,YES,YES,YES,NO,-1.65,young,1,0,1,0,0,0,1,0,0,1,0,1,0,1,1,0,0,1
579,0.59,0.35,0.00,FEMALE,TOWN,YES,YES,NO,NO,NO,NO,-0.19,mid-age,0,1,0,0,0,1,0,1,1,0,1,0,1,0,1,0,1,0
580,0.92,0.81,0.67,MALE,SUBURBAN,YES,YES,YES,NO,YES,YES,1.89,old,0,1,0,0,1,0,0,1,0,1,1,0,0,1,0,1,0,1
581,0.04,0.13,0.67,MALE,TOWN,YES,YES,NO,YES,YES,NO,-1.15,young,0,1,0,0,0,1,0,1,1,0,0,1,0,1,1,0,0,1
582,0.57,0.29,1.00,FEMALE,TOWN,NO,NO,YES,NO,NO,NO,-0.43,mid-age,1,0,0,0,0,1,1,0,0,1,1,0,1,0,1,0,1,0
583,0.59,0.41,0.67,FEMALE,RURAL,NO,YES,YES,YES,NO,NO,0.12,mid-age,0,1,0,1,0,0,1,0,0,1,0,1,1,0,1,0,1,0
584,0.31,0.32,0.33,MALE,TOWN,YES,NO,YES,YES,YES,YES,-0.31,young,1,0,0,0,0,1,0,1,0,1,0,1,0,1,0,1,0,1
585,0.04,0.08,1.00,MALE,TOWN,NO,YES,YES,YES,NO,NO,-1.40,young,0,1,0,0,0,1,1,0,0,1,0,1,1,0,1,0,0,1
586,0.04,0.23,0.33,MALE,INNER_CITY,YES,NO,NO,YES,NO,YES,-0.71,young,1,0,1,0,0,0,0,1,1,0,0,1,1,0,0,1,0,1
587,0.51,0.45,0.33,FEMALE,TOWN,NO,YES,YES,NO,NO,YES,0.29,mid-age,0,1,0,0,0,1,1,0,0,1,1,0,1,0,0,1,1,0
588,0.82,0.77,0.00,MALE,RURAL,YES,NO,YES,YES,NO,NO,1.72,old,1,0,0,1,0,0,0,1,0,1,0,1,1,0,1,0,0,1
589,0.22,0.13,0.33,MALE,SUBURBAN,YES,YES,YES,YES,NO,NO,-1.16,young,0,1,0,0,1,0,0,1,0,1,0,1,1,0,1,0,0,1
590,0.14,0.32,0.00,MALE,INNER_CITY,YES,NO,NO,NO,NO,NO,-0.29,young,1,0,1,0,0,0,0,1,1,0,1,0,1,0,1,0,0,1
591,0.45,0.46,0.67,FEMALE,INNER_CITY,NO,NO,YES,YES,YES,YES,0.31,mid-age,1,0,1,0,0,0,1,0,0,1,0,1,0,1,0,1,1,0
592,0.61,0.26,0.00,MALE,TOWN,YES,NO,YES,YES,NO,NO,-0.56,mid-age,1,0,0,0,0,1,0,1,0,1,0,1,1,0,1,0,0,1
593,0.96,0.80,0.67,MALE,SUBURBAN,YES,NO,YES,YES,NO,YES,1.85,old,1,0,0,0,1,0,0,1,0,1,0,1,1,0,0,1,0,1
594,0.84,0.45,1.00,FEMALE,RURAL,YES,YES,YES,YES,YES,NO,0.27,old,0,1,0,1,0,0,0,1,0,1,0,1,0,1,1,0,1,0
595,0.88,0.72,0.67,FEMALE,INNER_CITY,NO,YES,YES,YES,YES,NO,1.51,old,0,1,1,0,0,0,1,0,0,1,0,1,0,1,1,0,1,0
596,0.24,0.08,0.00,FEMALE,INNER_CITY,YES,YES,YES,YES,NO,NO,-1.38,young,0,1,1,0,0,0,0,1,0,1,0,1,1,0,1,0,1,0
597,0.27,0.19,0.00,FEMALE,TOWN,YES,YES,YES,NO,NO,YES,-0.90,young,0,1,0,0,0,1,0,1,0,1,1,0,1,0,0,1,1,0
598,0.22,0.17,0.00,MALE,INNER_CITY,YES,NO,YES,NO,YES,NO,-0.99,young,1,0,1,0,0,0,0,1,0,1,1,0,0,1,1,0,0,1
599,0.41,0.37,0.00,MALE,TOWN,NO,YES,NO,YES,YES,YES,-0.07,mid-age,0,1,0,0,0,1,1,0,1,0,0,1,0,1,0,1,0,1
